날짜,종가,시가,고가,저가,거래량,변동 %
2023-05-28,54.22,54.22,54.22,54.22,,0.00%
2023-05-21,54.22,55.32,55.71,52.99,10.87M,-1.99%
2023-05-14,55.32,55.3,55.67,53.94,7.60M,0.33%
2023-05-07,55.14,55,55.66,54.47,8.34M,0.40%
2023-04-30,54.92,55.24,55.41,53.38,8.19M,-0.81%
2023-04-23,55.37,57.09,57.21,53.85,9.82M,-2.81%
2023-04-16,56.97,54.87,57.99,54.86,19.22M,3.28%
2023-04-09,55.16,54.44,55.65,53.97,16.67M,0.47%
2023-04-02,54.9,54.37,55.08,54.03,11.05M,0.42%
2023-03-26,54.67,53.61,54.79,52.63,11.52M,3.01%
2023-03-19,53.07,52.67,54.43,52,13.47M,0.61%
2023-03-12,52.75,52.46,53.85,51.1,17.54M,0.29%
2023-03-05,52.6,56.34,56.71,52.2,12.04M,-6.44%
2023-02-26,56.22,57.61,57.75,55.06,11.30M,-1.45%
2023-02-19,57.05,57.93,58.02,56.51,8.83M,-2.58%
2023-02-12,58.56,59.89,60.14,58.08,7.89M,-1.78%
2023-02-05,59.62,60.03,60.28,58.51,9.45M,-1.54%
2023-01-29,60.55,60.48,60.99,58.97,11.32M,0.08%
2023-01-22,60.5,61.91,62.79,55.9,21.67M,-2.51%
2023-01-15,62.06,63.15,63.9,60.64,10.58M,-2.04%
2023-01-08,63.35,61.93,63.67,61.76,11.68M,2.76%
2023-01-01,61.65,61.53,62.66,60.12,6.95M,0.49%
2022-12-25,61.35,61.33,62.12,60.63,4.24M,0.11%
2022-12-18,61.28,60.42,61.86,60.06,7.91M,1.09%
2022-12-11,60.62,63.08,66.69,60.54,15.81M,-4.08%
2022-12-04,63.2,68.75,68.82,63.14,12.60M,-8.38%
2022-11-27,68.98,66.81,69.22,65.93,9.43M,2.73%
2022-11-20,67.15,65.56,67.73,65.19,5.12M,2.49%
2022-11-13,65.52,66.06,67.12,64.06,10.37M,-1.33%
2022-11-06,66.4,62.09,66.9,61.5,12.59M,7.27%
2022-10-30,61.9,62,62.97,60.21,9.68M,-0.61%
2022-10-23,62.28,58.04,62.33,57.93,9.30M,7.86%
2022-10-16,57.74,55.47,58.13,55.47,12.70M,5.46%
2022-10-09,54.75,57.92,58.71,54.66,9.99M,-5.05%
2022-10-02,57.66,56.97,60.4,56.6,8.62M,1.73%
2022-09-25,56.68,56.9,58.59,56.29,9.67M,-0.44%
2022-09-18,56.93,60.51,60.83,56.2,8.97M,-6.69%
2022-09-11,61.01,63.49,64.13,60.14,10.00M,-3.56%
2022-09-04,63.26,59.75,63.58,59.53,7.13M,6.00%
2022-08-28,59.68,60.32,61.24,58.8,10.60M,-1.66%
2022-08-21,60.69,62.04,62.59,60.67,8.55M,-2.69%
2022-08-14,62.37,63.25,64.79,62.12,10.70M,-1.74%
2022-08-07,63.47,60.7,63.51,60.58,7.14M,4.59%
2022-07-31,60.69,59.76,61.04,59.06,9.19M,0.65%
2022-07-24,60.3,57.58,60.45,56.67,14.34M,4.81%
2022-07-17,57.53,52.59,58.3,51.43,17.07M,9.89%
2022-07-10,52.36,52.01,53.32,50.51,10.98M,0.33%
2022-07-03,52.19,51.67,53.31,51.2,9.41M,0.62%
2022-06-26,51.86,53.27,53.32,50.33,11.51M,-2.32%
2022-06-19,53.09,50,53.33,50,15.36M,7.01%
2022-06-12,49.62,48.92,50.54,48.06,22.22M,-0.89%
2022-06-05,50.06,51.74,52.25,49.58,12.01M,-2.52%
2022-05-29,51.36,51.43,52.13,50.47,11.08M,-1.01%
2022-05-22,51.88,49.15,51.9,48.03,12.62M,6.51%
2022-05-15,48.71,49.1,49.75,46.77,16.30M,-0.92%
2022-05-08,49.16,50.2,50.22,47.07,13.50M,-3.15%
2022-05-01,50.76,52.42,53.47,50.19,14.03M,-3.23%
2022-04-24,52.46,55.34,55.8,52.35,19.27M,-5.68%
2022-04-17,55.62,59.18,60.4,55.59,12.65M,-6.55%
2022-04-10,59.52,60.79,61.43,59.48,6.93M,-2.66%
2022-04-03,61.14,60.74,61.56,59.86,11.51M,0.82%
2022-03-27,60.64,58.34,61.29,58.34,11.26M,3.79%
2022-03-20,58.43,59.74,59.82,57.78,7.52M,-2.20%
2022-03-13,59.74,55.36,59.97,55.07,11.45M,8.71%
2022-03-06,54.96,57.11,57.33,54.15,15.84M,-3.88%
2022-02-27,57.18,56.87,57.91,56.32,13.06M,-0.69%
2022-02-20,57.57,56.17,57.74,53.67,12.28M,0.69%
2022-02-13,57.18,57.55,58.78,56.73,14.11M,-0.48%
2022-02-06,57.46,60.22,60.9,57.29,13.70M,-3.50%
2022-01-30,59.54,58.45,60.92,58.33,12.57M,2.27%
2022-01-23,58.22,58.13,59.06,55.6,22.43M,-1.28%
2022-01-16,58.97,61.16,61.69,58.78,16.16M,-4.95%
2022-01-09,62.05,63.95,64.93,61.11,18.34M,-3.81%
2022-01-02,64.5,70.29,70.29,63.68,16.22M,-7.86%
2021-12-26,70,68.77,70.55,68.61,6.13M,2.23%
2021-12-19,68.47,66.14,68.91,65.25,6.37M,2.16%
2021-12-12,67.02,68.73,69.1,65.87,13.31M,-2.29%
2021-12-05,68.59,66.9,69.23,65.35,9.42M,2.83%
2021-11-28,66.71,68.89,70.11,65.38,14.26M,-1.75%
2021-11-21,67.89,69.49,70.15,67.68,6.67M,-1.97%
2021-11-14,69.26,69.7,71.21,69.11,8.50M,-0.31%
2021-11-07,69.47,71.37,71.4,68.16,12.35M,-2.07%
2021-10-31,70.94,70.34,71.65,68.88,9.88M,1.41%
2021-10-24,69.96,67.15,70.22,65.96,10.43M,4.04%
2021-10-17,67.24,67.61,69.93,65.55,17.90M,-0.64%
2021-10-10,67.67,65.53,67.81,65.05,11.61M,2.85%
2021-10-03,65.8,64.49,66.38,62.91,12.69M,1.89%
2021-09-26,64.58,65.55,65.78,63.13,14.82M,-1.55%
2021-09-19,65.59,63.22,65.71,62.84,9.99M,2.01%
2021-09-12,64.3,65.55,66,63.67,9.46M,-1.60%
2021-09-05,65.35,66.56,66.63,65.02,6.20M,-1.25%
2021-08-29,66.18,64.79,66.56,64.53,8.57M,2.61%
2021-08-22,64.49,63.1,64.5,63.1,6.10M,2.55%
2021-08-15,62.89,63.77,64.09,61.14,9.62M,-1.21%
2021-08-08,63.66,62.94,63.82,62.56,6.94M,1.20%
2021-08-01,62.91,62.77,63.56,62.34,9.27M,1.07%
2021-07-25,62.24,62.37,62.72,61.38,9.36M,-0.55%
2021-07-18,62.59,59.23,62.83,58.64,15.34M,5.16%
2021-07-11,59.52,58.59,60.33,58.59,12.95M,1.58%
2021-07-04,58.59,59.43,59.47,57.86,7.64M,-1.19%
2021-06-27,59.29,59.5,59.57,58.39,14.70M,-0.11%
2021-06-20,59.36,58.94,59.91,58.63,12.95M,1.29%
2021-06-13,58.6,57.5,60.18,57.17,15.75M,1.65%
2021-06-06,57.65,56.97,57.68,56.02,9.51M,1.60%
2021-05-30,56.74,56.07,56.8,54.76,8.84M,1.65%
2021-05-23,55.82,54.78,55.95,54.6,7.62M,2.19%
2021-05-16,54.62,54.73,54.96,53.15,10.30M,-0.30%
2021-05-09,54.79,55.25,55.6,52.24,11.15M,-0.12%
2021-05-02,54.85,54.03,54.97,53.27,10.52M,1.87%
2021-04-25,53.85,54.27,54.28,52.9,8.83M,-0.57%
2021-04-18,54.16,53.29,54.42,52.36,12.80M,1.44%
2021-04-11,53.39,52.13,53.84,51.9,10.04M,2.61%
2021-04-04,52.03,50.33,52.12,50.02,9.67M,3.48%
2021-03-28,50.28,49.94,50.51,49,8.30M,0.09%
2021-03-21,50.24,48.58,50.27,48.25,13.38M,3.42%
2021-03-14,48.58,48.1,49.03,47.45,21.39M,0.91%
2021-03-07,48.14,48.3,49.85,47.58,14.32M,-0.19%
2021-02-28,48.23,46.56,48.37,45.19,12.96M,4.64%
2021-02-21,46.1,47.81,47.85,45.93,12.28M,-4.25%
2021-02-14,48.14,47.68,48.61,47.13,9.02M,1.72%
2021-02-07,47.33,47.7,48.13,47.05,7.17M,-0.42%
2021-01-31,47.53,45.51,48.47,45.17,12.48M,5.41%
2021-01-24,45.09,46.85,47.88,44.74,16.51M,-3.67%
2021-01-17,46.81,47.4,48.13,46.41,11.95M,0.27%
2021-01-10,46.68,46.07,47.83,46,21.61M,0.89%
2021-01-03,46.27,44.58,46.38,43.57,15.71M,4.57%
2020-12-27,44.25,43.03,44.29,42.64,5.02M,3.20%
2020-12-20,42.87,42.61,43.58,41.42,8.52M,0.02%
2020-12-13,42.87,42.24,43.21,41.3,16.09M,2.33%
2020-12-06,41.89,41.82,43.22,41.34,13.63M,0.30%
2020-11-29,41.77,42.34,43.46,41.09,15.16M,-1.43%
2020-11-22,42.37,42.27,42.73,41.61,8.66M,0.63%
2020-11-15,42.11,42.19,42.46,40.74,15.43M,0.41%
2020-11-08,41.94,46.5,46.5,41.77,12.95M,-5.54%
2020-11-01,44.4,40.82,44.66,40.75,9.28M,10.09%
2020-10-25,40.33,42.59,42.79,39.92,9.57M,-6.30%
2020-10-18,43.04,43.24,44.68,42.46,12.18M,0.19%
2020-10-11,42.96,41.94,43.3,41.75,8.25M,3.05%
2020-10-04,41.69,41.4,42.12,40.73,9.98M,1.23%
2020-09-27,41.18,41.95,42.12,39.34,21.92M,-0.40%
2020-09-20,41.34,40.1,41.37,39.75,10.33M,1.29%
2020-09-13,40.82,42.08,43.29,40.6,11.47M,-2.59%
2020-09-06,41.9,42.94,43.31,41.57,8.99M,-3.52%
2020-08-30,43.43,44.18,45.98,42.87,12.71M,-1.18%
2020-08-23,43.95,43.43,44.53,43.23,8.32M,1.48%
2020-08-16,43.31,43.13,43.82,43,9.00M,0.53%
2020-08-09,43.08,44.5,44.5,42.9,11.97M,-2.73%
2020-08-02,44.29,43.95,44.29,42.93,8.62M,1.19%
2020-07-26,43.77,43.56,43.85,42.47,10.84M,0.57%
2020-07-19,43.52,42.78,45.17,42.77,14.38M,1.65%
2020-07-12,42.81,41.34,43.05,40.98,7.93M,4.52%
2020-07-05,40.96,40.5,41,39.74,7.98M,2.35%
2020-06-28,40.02,39.13,41.04,38.73,8.21M,3.66%
2020-06-21,38.61,39.71,40.29,38.22,10.34M,-2.53%
2020-06-14,39.61,37.51,40.72,37.41,11.65M,3.20%
2020-06-07,38.38,39.79,40.54,37.57,11.61M,-3.96%
2020-05-31,39.97,39.77,40.24,38.44,11.49M,1.22%
2020-05-24,39.49,39.47,39.76,38.07,9.01M,2.71%
2020-05-17,38.45,38.31,38.66,37.47,9.59M,2.91%
2020-05-10,37.36,35.33,37.41,35.28,16.66M,4.17%
2020-05-03,35.86,35.27,36.59,34.79,11.78M,0.91%
2020-04-26,35.54,35.7,38.14,35.28,12.54M,0.94%
2020-04-19,35.21,36.59,36.96,34.27,15.01M,-5.04%
2020-04-12,37.08,35.1,37.3,34.22,13.55M,3.08%
2020-04-05,35.97,33.3,36.2,32.69,10.58M,13.34%
2020-03-29,31.74,31.34,33.47,30,18.30M,2.63%
2020-03-22,30.93,26.86,32.03,23.89,25.70M,15.25%
2020-03-15,26.83,29,31.96,26.56,29.47M,-16.19%
2020-03-08,32.02,34.24,36.26,28.57,26.10M,-13.08%
2020-03-01,36.83,34.33,38.85,34.33,20.08M,7.75%
2020-02-23,34.18,37.61,38.47,33.49,20.26M,-10.97%
2020-02-16,38.39,37.83,39.11,37.71,15.09M,-0.88%
2020-02-09,38.73,38.04,38.89,37.65,8.78M,1.64%
2020-02-02,38.11,39.09,40.08,38.08,13.43M,-1.83%
2020-01-26,38.82,36.38,38.93,36.33,15.65M,5.67%
2020-01-19,36.74,36.37,36.76,36.07,7.50M,0.82%
2020-01-12,36.44,35.67,36.46,35.44,10.80M,2.31%
2020-01-05,35.61,35.93,36.09,35.08,10.20M,-1.33%
2019-12-29,36.09,36.04,36.16,35.55,5.95M,0.27%
2019-12-22,36,35.88,36.09,35.47,4.58M,0.36%
2019-12-15,35.87,35.06,36,34.96,10.78M,2.99%
2019-12-08,34.83,35,35.04,34.4,8.16M,-0.71%
2019-12-01,35.08,34.89,35.21,34.59,8.93M,0.41%
2019-11-24,34.93,34.93,35.18,34.58,9.67M,0.41%
2019-11-17,34.79,34.59,35.41,34.47,12.13M,0.75%
2019-11-10,34.53,33.46,34.72,33.41,17.56M,2.91%
2019-11-03,33.55,33.24,33.75,32.63,10.89M,1.44%
2019-10-27,33.08,32.89,33.49,32.71,7.90M,0.81%
2019-10-20,32.81,33.08,34,32.21,14.57M,-0.19%
2019-10-13,32.87,33.13,33.22,32.14,11.18M,-0.69%
2019-10-06,33.1,32.97,33.29,32.29,9.78M,0.08%
2019-09-29,33.08,33.41,33.48,31.77,9.16M,-0.85%
2019-09-22,33.36,33.54,34.35,33.25,12.15M,-0.60%
2019-09-15,33.56,33.12,34.44,32.82,9.75M,1.17%
2019-09-08,33.17,34.93,35.09,32.24,9.65M,-4.55%
2019-09-01,34.75,33.28,34.81,33.01,6.39M,4.43%
2019-08-25,33.28,32.75,33.46,32.43,6.39M,2.38%
2019-08-18,32.51,32.8,33.48,32.33,8.06M,0.00%
2019-08-11,32.51,32.64,32.83,31.75,8.11M,-1.02%
2019-08-04,32.85,32.44,32.99,31.15,12.34M,0.60%
2019-07-28,32.65,32.7,32.82,31.95,10.64M,-0.11%
2019-07-21,32.69,33.5,34.19,32.09,17.99M,-3.61%
2019-07-14,33.91,34.79,34.9,33.89,10.08M,-2.45%
2019-07-07,34.76,33.64,34.87,33.46,10.54M,3.20%
2019-06-30,33.68,32.35,33.88,32.14,13.16M,5.07%
2019-06-23,32.06,32.73,32.85,31.48,12.88M,-2.16%
2019-06-16,32.76,31.98,32.91,31.69,8.42M,2.70%
2019-06-09,31.9,32.2,32.49,31.43,6.82M,-0.47%
2019-06-02,32.05,30.2,32.32,30.05,10.42M,6.09%
2019-05-26,30.21,30.04,30.5,29.87,6.58M,0.68%
2019-05-19,30.01,30,30.5,29.73,7.29M,-0.30%
2019-05-12,30.1,30.44,30.73,30.05,9.07M,-2.39%
2019-05-05,30.84,30.57,30.97,29.86,6.62M,0.42%
2019-04-28,30.71,30,31.11,29.95,9.49M,2.52%
2019-04-21,29.95,29.97,30.43,29.32,12.58M,-0.14%
2019-04-14,30,29.27,30.19,29.13,5.76M,2.49%
2019-04-07,29.27,29.54,29.79,28.84,9.32M,-0.89%
2019-03-31,29.53,29.41,29.96,29.21,9.81M,1.26%
2019-03-24,29.16,27.98,29.28,27.98,12.63M,4.29%
2019-03-17,27.96,27.93,28.43,27.69,9.25M,0.41%
2019-03-10,27.85,27.92,28.66,27.8,14.48M,0.13%
2019-03-03,27.81,30.72,30.83,27.41,19.83M,-9.29%
2019-02-24,30.66,29.81,30.84,29.8,14.54M,3.31%
2019-02-17,29.68,29.16,29.7,29.07,9.31M,1.46%
2019-02-10,29.25,29.09,29.65,28.8,11.37M,0.80%
2019-02-03,29.02,29.14,29.15,28.59,9.35M,-0.37%
2019-01-27,29.13,28.37,29.56,27.97,14.28M,1.97%
2019-01-20,28.56,27.67,28.7,27.46,10.45M,3.07%
2019-01-13,27.71,26.68,27.93,26.68,10.35M,3.02%
2019-01-06,26.9,26.66,26.99,26.3,14.63M,-1.53%
2018-12-30,27.32,26.97,27.45,26.22,11.16M,1.76%
2018-12-23,26.84,26.14,27.28,25.16,9.54M,1.28%
2018-12-16,26.5,28.77,28.84,26.49,16.59M,-8.12%
2018-12-09,28.85,29.12,29.87,28.37,10.72M,-0.94%
2018-12-02,29.12,30.79,31.05,29.06,14.37M,-4.34%
2018-11-25,30.44,29.53,30.54,29.51,15.38M,3.94%
2018-11-18,29.29,29.56,29.77,28.77,12.23M,-0.99%
2018-11-11,29.58,30.13,30.18,28.41,15.79M,-1.84%
2018-11-04,30.13,29.05,30.48,29.03,12.20M,3.91%
2018-10-28,29,28.12,29.29,27.7,16.68M,4.18%
2018-10-21,27.84,27.02,28.05,26.49,25.09M,3.46%
2018-10-14,26.91,26.64,27.42,26.44,16.82M,0.87%
2018-10-07,26.67,28.48,28.52,26.32,16.51M,-6.44%
2018-09-30,28.51,28.8,29.12,28.39,13.97M,-0.31%
2018-09-23,28.6,30.1,30.11,28.57,16.48M,-5.25%
2018-09-16,30.18,30.25,30.27,29.64,14.76M,-0.20%
2018-09-09,30.24,31.12,31.39,30.22,8.82M,-2.60%
2018-09-02,31.05,31.84,32.28,30.93,9.95M,-2.40%
2018-08-26,31.81,31.61,31.98,31.33,8.89M,0.75%
2018-08-19,31.58,30.97,31.65,30.64,8.24M,1.82%
2018-08-12,31.01,30.75,31.12,30.5,9.22M,1.00%
2018-08-05,30.71,30.47,31.21,30.44,9.19M,0.69%
2018-07-29,30.5,31.92,31.94,30.19,14.35M,-4.38%
2018-07-22,31.89,31.6,31.96,30.77,16.35M,0.72%
2018-07-15,31.67,31.05,31.96,31.05,8.80M,2.03%
2018-07-08,31.04,30.13,31.19,30.1,12.24M,3.33%
2018-07-01,30.04,30.43,30.97,29.9,7.46M,-1.27%
2018-06-24,30.42,31.05,31.21,30.22,14.07M,-2.49%
2018-06-17,31.2,31.47,31.62,31.06,15.51M,-1.39%
2018-06-10,31.64,31.76,32.06,31.34,9.60M,-0.22%
2018-06-03,31.71,30.83,31.9,30.78,17.65M,3.30%
2018-05-27,30.7,30.74,31.44,30.54,15.55M,-0.74%
2018-05-20,30.93,30.11,30.97,30.11,13.78M,3.01%
2018-05-13,30.02,30.27,30.4,29.79,11.62M,-0.52%
2018-05-06,30.18,29.24,30.32,29.2,11.71M,3.24%
2018-04-29,29.23,29.63,29.92,28.32,16.98M,-1.24%
2018-04-22,29.6,29.14,29.65,28.62,18.03M,1.58%
2018-04-15,29.14,28.83,29.22,28.53,13.97M,1.73%
2018-04-08,28.64,28.49,29.01,28.32,10.67M,0.86%
2018-04-01,28.4,28.74,28.98,28.15,19.61M,-1.18%
2018-03-25,28.74,27.31,28.87,27.13,15.47M,6.81%
2018-03-18,26.91,27.97,28.3,26.87,10.05M,-3.87%
2018-03-11,27.99,28.91,29,27.85,11.18M,-2.96%
2018-03-04,28.84,26.73,28.89,26.66,10.92M,7.37%
2018-02-25,26.86,27.03,27.57,26.35,12.02M,0.14%
2018-02-18,26.83,26.28,26.89,25.99,11.95M,1.85%
2018-02-11,26.34,25.68,26.89,25.68,15.57M,3.82%
2018-02-04,25.37,26.53,26.99,24.33,29.56M,-5.27%
2018-01-28,26.78,27.12,27.76,26.72,22.89M,-1.25%
2018-01-21,27.12,26.8,27.28,26.6,9.97M,1.61%
2018-01-14,26.69,27.29,27.38,26.3,11.40M,-1.67%
2018-01-07,27.14,26.42,27.18,26.4,12.10M,2.80%
2017-12-31,26.4,25.72,26.52,25.49,12.17M,3.10%
2017-12-24,25.61,25.42,25.72,25.28,7.73M,0.97%
2017-12-17,25.36,25.95,25.97,24.98,12.83M,-1.83%
2017-12-10,25.84,26.4,26.71,25.77,12.63M,-1.61%
2017-12-03,26.26,26.67,26.67,25.59,13.34M,-0.61%
2017-11-26,26.42,25.83,26.62,25.69,13.74M,2.60%
2017-11-19,25.75,25.32,25.81,25.32,8.40M,1.71%
2017-11-12,25.32,24.55,25.48,24.44,16.98M,3.24%
2017-11-05,24.52,24.07,24.6,23.88,14.01M,1.62%
2017-10-29,24.13,24.1,24.48,23.98,16.20M,0.08%
2017-10-22,24.11,24.29,24.65,23.92,22.09M,-0.80%
2017-10-15,24.31,24.78,24.97,24.07,22.55M,-1.91%
2017-10-08,24.78,24.5,25.25,24.48,21.29M,0.60%
2017-10-01,24.63,25.89,26.02,24.57,16.61M,-4.73%
2017-09-24,25.86,25.48,26.1,25.3,9.77M,1.50%
2017-09-17,25.47,24.94,25.63,24.87,12.76M,2.23%
2017-09-10,24.92,24.88,25.07,24.59,15.74M,0.54%
2017-09-03,24.78,25.12,25.12,24.45,11.65M,-1.35%
2017-08-27,25.12,25.33,25.38,24.96,9.11M,-0.50%
2017-08-20,25.25,24.97,25.56,24.89,11.22M,1.12%
2017-08-13,24.97,25.32,25.92,24.87,12.58M,-0.78%
2017-08-06,25.17,25.09,25.6,24.89,8.72M,0.52%
2017-07-30,25.04,24.82,25.23,24.7,9.22M,1.00%
2017-07-23,24.79,24.13,25.08,23.17,12.13M,2.24%
2017-07-16,24.25,23.67,24.26,23.58,10.28M,2.36%
2017-07-09,23.69,23.84,23.96,23.55,9.45M,-0.80%
2017-07-02,23.88,23.84,24.09,23.65,7.93M,0.20%
2017-06-25,23.83,23.31,24.05,23.27,10.56M,2.33%
2017-06-18,23.29,23.8,23.82,23.15,11.05M,-1.83%
2017-06-11,23.72,23.49,23.97,23.44,17.99M,0.89%
2017-06-04,23.51,22.5,23.6,22.5,12.57M,4.49%
2017-05-28,22.5,22.49,22.71,22.4,8.97M,-0.13%
2017-05-21,22.53,22.57,22.78,22.46,7.91M,0.22%
2017-05-14,22.48,22.48,22.69,21.99,14.35M,-0.18%
2017-05-07,22.52,22.63,22.68,21.99,16.74M,-0.53%
2017-04-30,22.64,23.08,23.08,22.43,11.52M,-1.39%
2017-04-23,22.96,23.61,23.66,22.76,19.02M,-1.46%
2017-04-16,23.3,22.74,23.43,22.7,10.94M,2.64%
2017-04-09,22.7,23.09,23.24,22.64,8.55M,-1.60%
2017-04-02,23.07,23.09,23.3,22.69,10.91M,-0.35%
2017-03-26,23.15,23.09,23.21,22.81,11.68M,-0.56%
2017-03-19,23.28,23.55,23.74,23.13,12.52M,-1.48%
2017-03-12,23.63,23.63,23.82,23.45,16.06M,-0.08%
2017-03-05,23.65,23.6,23.86,23.42,12.75M,-0.21%
2017-02-26,23.7,23.86,24.17,23.56,16.24M,-0.50%
2017-02-19,23.82,23.87,23.95,23.68,9.65M,-0.08%
2017-02-12,23.84,23.26,23.88,23.15,17.97M,2.49%
2017-02-05,23.26,23.35,23.44,22.87,14.02M,-0.81%
2017-01-29,23.45,22.68,23.96,22.42,16.17M,2.90%
2017-01-22,22.79,22.35,22.98,22.22,9.73M,1.51%
2017-01-15,22.45,22.45,22.56,22.16,8.85M,-0.53%
2017-01-08,22.57,22.79,22.82,22.03,8.77M,-1.10%
2017-01-01,22.82,22.49,22.94,22.09,7.41M,2.01%
2016-12-25,22.37,22.47,22.54,22.3,6.44M,-0.09%
2016-12-18,22.39,22.64,22.85,22.31,6.78M,-1.32%
2016-12-11,22.69,22.74,23.24,22.61,14.77M,-0.79%
2016-12-04,22.87,21.56,22.89,21.44,17.79M,7.42%
2016-11-27,21.29,21.85,21.85,21.12,16.43M,-2.79%
2016-11-20,21.9,22.04,22.09,21.6,6.43M,-0.23%
2016-11-13,21.95,22.21,22.22,21.2,16.05M,-0.90%
2016-11-06,22.15,21.78,22.76,21.4,13.46M,2.74%
2016-10-30,21.56,21.38,21.81,21.1,13.44M,0.94%
2016-10-23,21.36,22.09,22.27,21.11,13.29M,-3.17%
2016-10-16,22.06,22.49,22.59,21.74,8.08M,-1.56%
2016-10-09,22.41,22.38,22.48,21.85,13.76M,0.31%
2016-10-02,22.34,22.43,22.56,22.16,10.79M,-0.76%
2016-09-25,22.51,23.06,23.33,22.33,11.74M,-2.76%
2016-09-18,23.15,23.23,23.67,22.98,10.56M,-0.04%
2016-09-11,23.16,22.9,23.24,22.74,11.82M,0.74%
2016-09-04,22.99,23.94,23.96,22.99,7.23M,-3.77%
2016-08-28,23.89,23.53,23.97,23.46,7.93M,1.66%
2016-08-21,23.5,23.38,23.66,23.33,8.40M,0.09%
2016-08-14,23.48,23.34,23.59,23.08,9.37M,0.43%
2016-08-07,23.38,23.79,23.79,23.21,15.45M,-1.47%
2016-07-31,23.73,23.67,23.96,23.55,12.79M,0.59%
2016-07-24,23.59,22.6,23.82,22.48,14.99M,4.38%
2016-07-17,22.6,22.89,22.89,22.34,7.44M,0.44%
2016-07-10,22.5,22.08,22.62,22,10.35M,2.46%
2016-07-03,21.96,21.24,22.03,21.06,9.24M,1.71%
2016-06-26,21.59,20.79,21.73,20.4,14.70M,2.81%
2016-06-19,21,21.54,21.63,20.59,16.17M,-1.36%
2016-06-12,21.29,21.76,21.99,21.27,12.94M,-2.61%
2016-06-05,21.86,21.67,21.98,21.52,10.44M,0.78%
2016-05-29,21.69,21.92,22.01,21.4,8.93M,-0.91%
2016-05-22,21.89,21.17,21.97,21.02,10.40M,3.21%
2016-05-15,21.21,21.17,21.33,20.53,10.93M,-0.09%
2016-05-08,21.23,21.34,21.55,21.15,12.21M,-0.52%
2016-05-01,21.34,20.58,21.42,20.52,11.78M,3.74%
2016-04-24,20.57,21.25,21.75,20.42,15.14M,-3.56%
2016-04-17,21.33,21.34,21.52,21.18,10.85M,-0.70%
2016-04-10,21.48,21.39,21.57,20.59,18.77M,1.23%
2016-04-03,21.22,22.13,22.13,21.16,15.96M,-3.68%
2016-03-27,22.03,21.45,22.23,21.36,19.66M,3.23%
2016-03-20,21.34,21.42,22.12,21.23,23.25M,-0.74%
2016-03-13,21.5,21.9,22.53,21.3,28.75M,-2.23%
2016-03-06,21.99,21.59,22.13,21.04,17.78M,1.57%
2016-02-28,21.65,21.32,21.83,20.93,19.11M,1.74%
2016-02-21,21.28,21.39,21.7,20.75,16.46M,1.43%
2016-02-14,20.98,20.85,21.18,20.31,11.31M,2.64%
2016-02-07,20.44,19.55,20.86,19.28,18.87M,3.23%
2016-01-31,19.8,20.65,20.92,19.51,32.60M,-4.21%
2016-01-24,20.67,19.18,20.79,18.75,25.10M,7.43%
2016-01-17,19.24,19.07,19.38,18.42,14.05M,2.18%
2016-01-10,18.83,18.84,19.33,18.49,21.67M,1.24%
2016-01-03,18.6,18.97,19.29,18.57,22.56M,-4.07%
2015-12-27,19.39,19.34,20.04,19.27,11.52M,0.31%
2015-12-20,19.33,18.83,19.49,18.66,10.99M,3.70%
2015-12-13,18.64,18.27,19.13,18.27,21.65M,1.91%
2015-12-06,18.29,19.57,19.65,18.21,18.44M,-6.92%
2015-11-29,19.65,19.65,19.73,18.76,15.13M,0.15%
2015-11-22,19.62,19.93,20,19.34,9.49M,-1.85%
2015-11-15,19.99,18.8,20.02,18.73,24.09M,5.99%
2015-11-08,18.86,19.37,19.71,18.76,16.87M,-2.83%
2015-11-01,19.41,19.42,19.99,19.31,17.15M,0.57%
2015-10-25,19.3,19.64,19.8,19.23,17.50M,-1.38%
2015-10-18,19.57,18.26,19.97,18.25,17.61M,6.82%
2015-10-11,18.32,17.73,18.4,17.61,13.06M,3.50%
2015-10-04,17.7,17.7,18,17.58,10.99M,0.91%
2015-09-27,17.54,17.77,17.86,16.99,17.26M,-1.63%
2015-09-20,17.83,16.95,18,16.81,17.03M,6.00%
2015-09-13,16.82,17.25,17.39,16.63,18.09M,-2.49%
2015-09-06,17.25,17.02,17.49,16.85,9.30M,2.86%
2015-08-30,16.77,17.04,17.25,16.61,16.50M,-2.27%
2015-08-23,17.16,16.36,17.18,15.98,43.92M,-0.12%
2015-08-16,17.18,18.02,18.23,17.12,25.76M,-5.03%
2015-08-09,18.09,17.78,18.11,17.34,12.63M,2.55%
2015-08-02,17.64,16.9,17.83,16.9,21.14M,3.70%
2015-07-26,17.01,17.25,17.3,16.26,15.78M,-1.68%
2015-07-19,17.3,17.26,17.47,16.95,10.56M,0.12%
2015-07-12,17.28,16.99,17.3,16.84,9.42M,2.67%
2015-07-05,16.83,16.36,16.88,15.94,20.20M,2.75%
2015-06-28,16.38,16.44,16.5,16.1,11.69M,-1.15%
2015-06-21,16.57,16.88,17,16.55,9.87M,-1.31%
2015-06-14,16.79,16.81,17.2,16.64,12.71M,-0.71%
2015-06-07,16.91,16.86,17.09,16.5,13.90M,0.42%
2015-05-31,16.84,17.35,17.45,16.81,14.45M,-2.38%
2015-05-24,17.25,17.5,17.52,17.22,9.93M,-1.65%
2015-05-17,17.54,17.08,17.65,17.07,11.47M,2.81%
2015-05-10,17.06,16.88,17.26,16.76,10.94M,1.25%
2015-05-03,16.85,16.41,16.93,16.24,13.63M,3.06%
2015-04-26,16.35,16.21,16.58,16.04,14.17M,0.99%
2015-04-19,16.19,16.23,16.69,16.08,26.46M,-0.18%
2015-04-12,16.22,16.82,16.89,16.15,16.06M,-3.80%
2015-04-05,16.86,16.54,16.96,16.4,10.00M,0.96%
2015-03-29,16.7,16.61,17,16.59,10.37M,0.78%
2015-03-22,16.57,16.8,16.87,16.3,16.78M,-1.43%
2015-03-15,16.81,16.87,17.06,16.4,16.60M,0.36%
2015-03-08,16.75,16.75,16.95,16.41,12.59M,0.12%
2015-03-01,16.73,16.79,17.04,16.71,11.33M,0.06%
2015-02-22,16.72,16.97,17.07,16.7,11.57M,-1.53%
2015-02-15,16.98,16.5,16.99,16.42,9.91M,2.97%
2015-02-08,16.49,16.33,16.67,16.02,12.98M,0.49%
2015-02-01,16.41,15.2,16.41,15.2,16.85M,7.96%
2015-01-25,15.2,15.49,15.57,14.94,17.14M,-2.06%
2015-01-18,15.52,15.53,15.59,15.13,12.33M,0.58%
2015-01-11,15.43,16.13,16.16,15.03,23.99M,-4.58%
2015-01-04,16.17,15.87,16.46,15.72,14.71M,1.38%
2014-12-28,15.95,16.23,16.35,15.81,5.46M,-1.73%
2014-12-21,16.23,16.13,16.57,16.13,7.24M,0.00%
2014-12-14,16.23,15.41,16.31,15.25,19.72M,5.60%
2014-12-07,15.37,15.36,16.08,15.25,21.81M,0.92%
2014-11-30,15.23,14.95,15.5,14.75,11.15M,1.74%
2014-11-23,14.97,14.76,14.99,14.7,6.60M,1.84%
2014-11-16,14.7,14.57,14.88,14.43,12.08M,0.75%
2014-11-09,14.59,14.57,14.76,14.52,8.33M,-0.27%
2014-11-02,14.63,14.37,14.71,14.33,14.69M,1.46%
2014-10-26,14.42,13.53,14.46,13.51,15.51M,5.80%
2014-10-19,13.63,13.4,13.88,13.31,14.91M,1.79%
2014-10-12,13.39,13.74,13.85,12.81,19.69M,-2.90%
2014-10-05,13.79,14.26,14.28,13.74,17.07M,-3.23%
2014-09-28,14.25,14,14.29,13.88,13.75M,0.85%
2014-09-21,14.13,14.59,14.63,13.94,12.39M,-3.42%
2014-09-14,14.63,14.59,14.78,14.49,19.27M,0.07%
2014-09-07,14.62,14.34,14.64,14.26,11.16M,1.74%
2014-08-31,14.37,14.6,14.62,14.28,8.97M,-0.83%
2014-08-24,14.49,14.33,14.69,14.25,12.26M,1.61%
2014-08-17,14.26,14.11,14.3,14.07,9.24M,1.57%
2014-08-10,14.04,13.93,14.14,13.64,11.35M,1.15%
2014-08-03,13.88,13.99,14.13,13.67,18.87M,-0.79%
2014-07-27,13.99,14.12,14.42,13.85,20.62M,-0.92%
2014-07-20,14.12,13.64,14.19,13.53,25.60M,3.37%
2014-07-13,13.66,13.21,13.88,13.18,20.87M,4.75%
2014-07-06,13.04,13.27,13.31,12.77,16.65M,-2.03%
2014-06-29,13.31,12.71,13.33,12.62,17.98M,4.39%
2014-06-22,12.75,12.6,13.08,12.44,25.68M,1.27%
2014-06-15,12.59,12.25,12.64,12.12,16.52M,2.86%
2014-06-08,12.24,12.53,12.62,12.08,16.29M,-2.39%
2014-06-01,12.54,12.65,12.75,12.3,23.15M,-0.71%
2014-05-25,12.63,12.2,12.72,12.19,14.88M,3.95%
2014-05-18,12.15,11.95,12.18,11.9,12.98M,1.08%
2014-05-11,12.02,12.22,12.35,11.57,22.14M,-0.83%
2014-05-04,12.12,12.15,12.46,12.06,19.76M,-1.30%
2014-04-27,12.28,12.08,12.45,11.94,21.53M,2.16%
2014-04-20,12.02,11.68,12.34,11.62,31.63M,3.00%
2014-04-13,11.67,11.6,11.82,11.16,26.37M,0.69%
2014-04-06,11.59,12.1,12.13,11.23,58.22M,-4.21%
2014-03-30,12.1,12.21,12.54,11.67,50.55M,-1.14%
2014-03-23,12.24,12.61,12.87,12.12,28.44M,-2.16%
2014-03-16,12.51,13.16,13.3,12.43,33.59M,-4.58%
2014-03-09,13.11,13.56,13.63,12.84,19.33M,-3.60%
2014-03-02,13.6,12.64,13.75,12.62,19.56M,6.25%
2014-02-23,12.8,12.93,13.22,12.69,19.24M,-1.39%
2014-02-16,12.98,12.97,13.26,12.91,16.65M,0.54%
2014-02-09,12.91,12.54,12.95,12.45,13.81M,3.20%
2014-02-02,12.51,12.72,12.87,12.12,24.44M,-1.65%
2014-01-26,12.72,12.61,12.88,12.35,21.17M,1.52%
2014-01-19,12.53,13.26,13.37,12.53,14.20M,-5.36%
2014-01-12,13.24,13.24,13.42,12.97,17.64M,-0.53%
2014-01-05,13.31,13.23,13.58,13.17,18.14M,0.38%
2013-12-29,13.26,13.27,13.38,13.05,10.34M,-0.38%
2013-12-22,13.31,13.12,13.41,13.11,6.77M,-0.08%
2013-12-15,13.32,12.91,13.36,12.82,19.18M,3.66%
2013-12-08,12.85,13,13.04,12.82,17.54M,-0.85%
2013-12-01,12.96,13.16,13.55,12.74,26.73M,-1.07%
2013-11-24,13.1,13.2,13.28,12.82,12.56M,-0.76%
2013-11-17,13.2,12.39,13.23,12.29,24.95M,6.80%
2013-11-10,12.36,11.94,12.41,11.84,16.43M,3.17%
2013-11-03,11.98,11.83,12,11.69,10.55M,1.87%
2013-10-27,11.76,11.9,12.01,11.67,17.48M,-1.18%
2013-10-20,11.9,11.37,12.08,11.13,23.16M,4.57%
2013-10-13,11.38,11,11.41,11,12.61M,2.89%
2013-10-06,11.06,10.89,11.11,10.59,15.81M,0.82%
2013-09-29,10.97,10.62,11,10.58,18.46M,2.24%
2013-09-22,10.73,10.64,10.89,10.63,19.33M,0.37%
2013-09-15,10.69,10.52,10.78,10.4,25.19M,2.59%
2013-09-08,10.42,10.19,10.44,10.12,18.99M,2.46%
2013-09-01,10.17,10.12,10.22,9.84,18.93M,2.21%
2013-08-25,9.95,10.3,10.33,9.9,21.26M,-3.21%
2013-08-18,10.28,10.25,10.68,9.94,27.18M,0.19%
2013-08-11,10.26,10.63,10.76,10.23,17.19M,-3.57%
2013-08-04,10.64,10.93,10.94,10.64,11.89M,-3.18%
2013-07-28,10.99,10.93,11.07,10.62,20.57M,0.18%
2013-07-21,10.97,11.36,11.38,10.83,18.72M,-2.92%
2013-07-14,11.3,11.44,11.47,11.17,10.67M,-1.14%
2013-07-07,11.43,11.13,11.46,10.99,14.29M,2.97%
2013-06-30,11.1,10.98,11.17,10.87,8.46M,1.56%
2013-06-23,10.93,10.81,10.98,10.51,20.83M,0.64%
2013-06-16,10.86,10.95,11.11,10.75,22.53M,-0.09%
2013-06-09,10.87,11,11.14,10.4,20.32M,-0.82%
2013-06-02,10.96,10.49,10.96,10.18,19.74M,4.48%
2013-05-26,10.49,10.4,10.81,10.32,18.99M,2.44%
2013-05-19,10.24,10.4,10.56,10.1,25.14M,-1.73%
2013-05-12,10.42,10.16,10.45,10.08,20.53M,2.46%
2013-05-05,10.17,10.18,10.23,10.01,19.48M,0.20%
2013-04-28,10.15,9.67,10.17,9.63,24.41M,5.29%
2013-04-21,9.64,9.31,9.68,9.16,28.91M,3.43%
2013-04-14,9.32,9.67,9.76,9.26,20.94M,-4.21%
2013-04-07,9.73,9.59,9.81,9.45,24.74M,1.46%
2013-03-31,9.59,10.76,10.83,9.24,62.83M,-10.96%
2013-03-24,10.77,10.81,10.9,10.65,11.04M,-0.19%
2013-03-17,10.79,10.72,10.82,10.48,16.93M,-0.64%
2013-03-10,10.86,10.67,10.96,10.64,15.62M,1.78%
2013-03-03,10.67,10.48,10.94,10.44,22.66M,1.33%
2013-02-24,10.53,10.51,10.63,10.27,20.46M,0.77%
2013-02-17,10.45,10.41,10.52,10.25,16.57M,0.87%
2013-02-10,10.36,9.83,10.72,9.77,65.16M,5.50%
2013-02-03,9.82,9.52,9.83,9.37,16.04M,2.83%
2013-01-27,9.55,9.21,9.69,9.13,21.22M,3.47%
2013-01-20,9.23,9.07,9.24,9.03,9.67M,2.10%
2013-01-13,9.04,8.87,9.09,8.83,13.86M,2.03%
2013-01-06,8.86,8.82,8.88,8.65,13.09M,0.34%
2012-12-30,8.83,8.29,8.88,8.25,20.73M,6.39%
2012-12-23,8.3,8.53,8.53,8.28,9.60M,-2.35%
2012-12-16,8.5,8.11,8.93,8.09,37.90M,5.33%
2012-12-09,8.07,7.92,8.25,7.8,33.30M,2.15%
2012-12-02,7.9,8.11,8.13,7.81,24.11M,-2.23%
2012-11-25,8.08,7.91,8.14,7.81,16.55M,1.89%
2012-11-18,7.93,7.74,7.93,7.65,11.30M,3.66%
2012-11-11,7.65,7.89,7.94,7.54,20.22M,-2.67%
2012-11-04,7.86,7.97,8.17,7.83,15.86M,-1.87%
2012-10-28,8.01,8,8.12,7.89,11.96M,1.14%
2012-10-21,7.92,8.02,8.14,7.83,23.05M,-2.10%
2012-10-14,8.09,7.76,8.19,7.7,16.66M,4.39%
2012-10-07,7.75,7.82,7.93,7.72,14.92M,-1.40%
2012-09-30,7.86,7.79,8.01,7.73,18.37M,1.29%
2012-09-23,7.76,7.88,7.97,7.63,19.22M,-2.14%
2012-09-16,7.93,8.13,8.15,7.83,24.19M,-2.82%
2012-09-09,8.16,7.87,8.17,7.83,17.19M,3.16%
2012-09-02,7.91,7.6,7.98,7.59,14.07M,3.81%
2012-08-26,7.62,7.64,7.75,7.53,16.70M,0.40%
2012-08-19,7.59,7.88,8.04,7.5,21.36M,-3.44%
2012-08-12,7.86,7.79,7.91,7.7,15.60M,0.90%
2012-08-05,7.79,7.69,7.87,7.68,13.80M,1.83%
2012-07-29,7.65,7.74,7.82,7.45,29.46M,-1.29%
2012-07-22,7.75,7.35,7.83,7.24,28.32M,3.89%
2012-07-15,7.46,7.51,7.68,7.38,13.91M,-0.80%
2012-07-08,7.52,7.36,7.56,7.19,18.61M,1.48%
2012-07-01,7.41,7.59,7.64,7.35,12.96M,-1.98%
2012-06-24,7.56,7.15,7.58,7.02,23.67M,4.13%
2012-06-17,7.26,7.15,7.5,7.11,29.96M,1.40%
2012-06-10,7.16,7.37,7.4,7.01,37.27M,-2.85%
2012-06-03,7.37,7.12,7.46,7.08,38.96M,3.37%
2012-05-27,7.13,7.43,7.53,7.11,29.99M,-2.99%
2012-05-20,7.35,7.2,7.66,7.16,77.85M,0.27%
2012-05-13,7.33,7.71,7.97,7.31,66.27M,-5.91%
2012-05-06,7.79,7.83,8.08,7.69,48.57M,-1.27%
2012-04-29,7.89,8.36,8.36,7.74,43.40M,-5.85%
2012-04-22,8.38,8.24,8.51,8.24,46.53M,0.36%
2012-04-15,8.35,8.24,8.38,8.13,26.04M,1.95%
2012-04-08,8.19,8.37,8.49,8.16,27.10M,-3.76%
2012-04-01,8.51,8.61,8.71,8.36,26.67M,-1.39%
2012-03-25,8.63,8.96,9.11,8.56,26.11M,-2.82%
2012-03-18,8.88,8.91,9,8.73,21.30M,0.11%
2012-03-11,8.87,8.69,8.98,8.59,22.86M,1.84%
2012-03-04,8.71,8.72,8.79,8.47,19.90M,0.11%
2012-02-26,8.7,8.82,9,8.69,25.68M,-2.25%
2012-02-19,8.9,8.92,8.96,8.66,19.50M,-0.45%
2012-02-12,8.94,8.74,8.98,8.67,29.41M,3.11%
2012-02-05,8.67,8.32,8.78,8.3,31.77M,3.71%
2012-01-29,8.36,8.58,8.58,8.17,42.52M,-3.46%
2012-01-22,8.66,8.48,8.76,8.45,21.26M,2.49%
2012-01-15,8.45,8.32,8.49,8.16,14.15M,2.18%
2012-01-08,8.27,8.14,8.42,8.09,26.00M,1.60%
2012-01-01,8.14,8.34,8.42,8.05,14.50M,-0.37%
2011-12-25,8.17,8.19,8.3,8.08,7.71M,-0.73%
2011-12-18,8.23,8.03,8.24,7.85,15.64M,2.75%
2011-12-11,8.01,8.39,8.41,7.97,25.85M,-5.88%
2011-12-04,8.51,8.8,8.83,8.28,28.94M,-1.39%
2011-11-27,8.63,8.44,8.83,8.33,26.51M,5.50%
2011-11-20,8.18,8.39,8.46,8.18,17.41M,-4.44%
2011-11-13,8.56,8.75,8.94,8.44,28.88M,-3.17%
2011-11-06,8.84,8.43,8.89,8.37,31.85M,4.86%
2011-10-30,8.43,8.48,8.54,7.76,50.04M,-1.52%
2011-10-23,8.56,8.36,8.67,7.89,49.84M,2.27%
2011-10-16,8.37,8.4,8.51,8.12,38.98M,-1.41%
2011-10-09,8.49,8.21,8.65,8.18,38.75M,5.60%
2011-10-02,8.04,7.65,8.22,7.23,44.92M,4.28%
2011-09-25,7.71,8.24,8.66,7.71,40.32M,-5.17%
2011-09-18,8.13,8.26,8.42,7.67,46.73M,-3.44%
2011-09-11,8.42,7.28,8.59,7.24,60.17M,13.48%
2011-09-04,7.42,7.16,7.88,7.12,36.63M,-1.33%
2011-08-28,7.52,7.68,8.02,7.4,29.64M,-0.79%
2011-08-21,7.58,7.22,7.81,6.97,29.78M,7.21%
2011-08-14,7.07,7.74,7.91,7.05,38.43M,-7.70%
2011-08-07,7.66,7.41,8.05,6.77,67.40M,0.79%
2011-07-31,7.6,8.12,8.16,7.45,49.57M,-5.24%
2011-07-24,8.02,7.96,8.23,7.71,35.30M,-0.62%
2011-07-17,8.07,7.86,8.07,7.58,27.26M,2.15%
2011-07-10,7.9,8.32,8.33,7.78,24.14M,-6.62%
2011-07-03,8.46,8.5,8.77,8.37,24.01M,-2.87%
2011-06-26,8.71,7.78,8.73,7.77,31.31M,11.67%
2011-06-19,7.8,7.93,8.15,7.67,25.40M,-1.52%
2011-06-12,7.92,7.96,8.1,7.8,26.30M,-0.13%
2011-06-05,7.93,8.02,8.1,7.8,26.47M,-1.37%
2011-05-29,8.04,8.51,8.56,8.04,21.24M,-4.96%
2011-05-22,8.46,8.37,8.57,8.06,35.83M,-0.47%
2011-05-15,8.5,8.82,9.36,8.5,53.22M,-5.24%
2011-05-08,8.97,8.87,9.19,8.84,20.32M,1.24%
2011-05-01,8.86,9.06,9.17,8.75,27.81M,-1.99%
2011-04-24,9.04,9.19,9.26,9,22.08M,-1.53%
2011-04-17,9.18,9.26,9.67,8.99,22.88M,-2.34%
2011-04-10,9.4,9.39,9.55,9.15,34.88M,-0.84%
2011-04-03,9.48,9.24,9.83,9.09,71.66M,0.74%
2011-03-27,9.41,8.44,9.55,8.32,74.76M,11.63%
2011-03-20,8.43,8.38,8.57,8.28,23.52M,2.06%
2011-03-13,8.26,9.02,9.03,8.1,57.36M,-8.83%
2011-03-06,9.06,9.58,9.59,8.93,27.44M,-3.00%
2011-02-27,9.34,9.46,9.58,9.16,35.51M,-1.37%
2011-02-20,9.47,9.51,9.56,9.19,44.86M,-2.37%
2011-02-13,9.7,9.43,9.9,9.32,84.37M,3.52%
2011-02-06,9.37,8.85,9.41,8.59,108.48M,5.88%
2011-01-30,8.85,8.18,8.92,8.1,46.50M,8.32%
2011-01-23,8.17,8.11,8.41,8.02,31.24M,0.86%
2011-01-16,8.1,8.14,8.17,7.88,20.15M,-0.25%
2011-01-09,8.12,7.74,8.12,7.7,26.69M,4.24%
2011-01-02,7.79,8,8.1,7.75,27.82M,-1.52%
2010-12-26,7.91,7.9,8.03,7.88,20.33M,-0.38%
2010-12-19,7.94,7.83,8.11,7.76,24.50M,1.40%
2010-12-12,7.83,7.66,8.06,7.42,48.12M,2.89%
2010-12-05,7.61,7.51,7.7,7.41,31.66M,0.93%
2010-11-28,7.54,7.13,7.77,7.02,54.88M,5.16%
2010-11-21,7.17,7.27,7.3,7.07,21.78M,-2.05%
2010-11-14,7.32,7.2,7.35,7.05,29.78M,2.09%
2010-11-07,7.17,7.35,7.41,7.13,26.97M,-3.11%
2010-10-31,7.4,7.1,7.44,7,33.68M,5.11%
2010-10-24,7.04,6.96,7.17,6.87,37.93M,2.18%
2010-10-17,6.89,6.64,6.94,6.61,27.01M,3.77%
2010-10-10,6.64,6.61,6.75,6.59,24.41M,0.15%
2010-10-03,6.63,6.43,6.67,6.37,20.65M,3.11%
2010-09-26,6.43,6.7,6.72,6.36,28.99M,-4.32%
2010-09-19,6.72,6.48,6.72,6.39,34.34M,3.70%
2010-09-12,6.48,6.41,6.54,6.37,23.02M,2.53%
2010-09-05,6.32,6.38,6.38,6.2,24.07M,-1.25%
2010-08-29,6.4,6.14,6.41,5.94,35.66M,3.56%
2010-08-22,6.18,6.52,6.54,6.06,50.60M,-4.92%
2010-08-15,6.5,6.64,6.8,6.44,35.79M,-2.26%
2010-08-08,6.65,6.74,6.85,6.5,39.56M,-1.34%
2010-08-01,6.74,6.57,6.79,6.5,34.08M,3.85%
2010-07-25,6.49,6.23,6.7,6.18,41.47M,4.51%
2010-07-18,6.21,5.89,6.23,5.81,27.49M,5.79%
2010-07-11,5.87,6.05,6.15,5.85,30.03M,-3.29%
2010-07-04,6.07,5.84,6.09,5.73,28.78M,5.20%
2010-06-27,5.77,6.31,6.37,5.77,38.35M,-8.41%
2010-06-20,6.3,6.45,6.48,6.1,34.80M,-1.41%
2010-06-13,6.39,6.48,6.57,6.36,31.44M,0.16%
2010-06-06,6.38,6.18,6.4,5.94,42.19M,3.91%
2010-05-30,6.14,6.19,6.3,6.12,36.90M,-0.97%
2010-05-23,6.2,6.25,6.32,5.85,53.21M,-0.96%
2010-05-16,6.26,6.58,6.62,5.93,75.48M,-4.43%
2010-05-09,6.55,6.62,6.72,6.43,55.07M,2.83%
2010-05-02,6.37,7.09,7.14,6.32,71.15M,-9.00%
2010-04-25,7,7.56,7.7,6.87,73.19M,-7.41%
2010-04-18,7.56,7.09,7.59,7.04,50.02M,6.03%
2010-04-11,7.13,7.3,7.44,7.12,44.95M,-2.33%
2010-04-04,7.3,7.09,7.3,7.07,35.99M,3.55%
2010-03-28,7.05,7.03,7.12,6.96,20.78M,0.43%
2010-03-21,7.02,6.94,7.1,6.83,32.13M,0.14%
2010-03-14,7.01,6.77,7.02,6.61,45.76M,3.55%
2010-03-07,6.77,6.64,6.81,6.58,34.16M,1.35%
2010-02-28,6.68,6.23,6.7,6.19,44.33M,7.57%
2010-02-21,6.21,6.2,6.26,6.09,28.25M,0.00%
2010-02-14,6.21,6.15,6.24,6.09,29.26M,1.80%
2010-02-07,6.1,6.29,6.32,5.96,63.28M,-2.71%
2010-01-31,6.27,6.05,6.42,6.02,56.23M,4.50%
2010-01-24,6,6.2,6.2,6,39.31M,-1.80%
2010-01-17,6.11,6.72,6.75,6.09,34.00M,-9.08%
2010-01-10,6.72,6.75,6.8,6.58,28.88M,-0.30%
2010-01-03,6.74,6.64,6.81,6.63,31.15M,1.97%
2009-12-27,6.61,6.82,6.86,6.61,13.56M,-3.08%
2009-12-20,6.82,6.66,6.82,6.58,14.11M,2.25%
2009-12-13,6.67,6.59,6.72,6.52,31.13M,1.83%
2009-12-06,6.55,6.68,6.68,6.44,33.46M,-1.80%
2009-11-29,6.67,6.24,6.7,6.13,60.81M,6.55%
2009-11-22,6.26,6.5,6.63,6.15,44.65M,-0.95%
2009-11-15,6.32,6.31,6.46,6.23,46.02M,0.16%
2009-11-08,6.31,6.2,6.52,6.09,42.61M,2.60%
2009-11-01,6.15,5.97,6.19,5.88,48.66M,2.16%
2009-10-25,6.02,6.66,6.7,6,54.35M,-9.06%
2009-10-18,6.62,6.57,6.96,6.53,49.68M,0.76%
2009-10-11,6.57,6.82,6.98,6.56,46.97M,-3.38%
2009-10-04,6.8,6.67,6.93,6.62,30.86M,3.34%
2009-09-27,6.58,7.14,7.35,6.54,42.01M,-7.32%
2009-09-20,7.1,7.52,7.53,7.04,33.16M,-5.84%
2009-09-13,7.54,6.95,7.66,6.86,49.30M,8.33%
2009-09-06,6.96,7,7.04,6.85,25.97M,0.29%
2009-08-30,6.94,7.02,7.37,6.91,41.70M,-2.39%
2009-08-23,7.11,7,7.13,6.87,31.35M,2.30%
2009-08-16,6.95,6.94,6.97,6.72,30.97M,-1.84%
2009-08-09,7.08,7.61,7.62,7.03,26.82M,-7.09%
2009-08-02,7.62,7.27,7.75,6.93,44.27M,8.24%
2009-07-26,7.04,6.81,7.16,6.67,28.35M,3.83%
2009-07-19,6.78,6.75,6.89,6.4,28.26M,1.35%
2009-07-12,6.69,6.38,6.84,6.27,35.71M,6.02%
2009-07-05,6.31,6.72,6.75,6.24,57.88M,-7.48%
2009-06-28,6.82,7.07,7.23,6.78,25.69M,-3.26%
2009-06-21,7.05,7,7.11,6.59,31.23M,-0.14%
2009-06-14,7.06,7.18,7.22,6.74,34.26M,-2.62%
2009-06-07,7.25,7.38,7.48,7.05,33.24M,-1.09%
2009-05-31,7.33,7.13,7.64,6.88,54.54M,4.12%
2009-05-24,7.04,6.35,7.04,6.33,47.44M,8.98%
2009-05-17,6.46,6.02,6.56,5.87,80.12M,8.39%
2009-05-10,5.96,6.63,6.72,5.84,72.60M,-12.22%
2009-05-03,6.79,6.5,7.27,6.39,79.86M,5.27%
2009-04-26,6.45,6.22,6.6,6.04,47.41M,1.26%
2009-04-19,6.37,6.49,6.53,5.87,65.57M,-3.48%
2009-04-12,6.6,7.11,7.54,6.3,73.33M,-9.96%
2009-04-05,7.33,6.87,7.33,6.58,40.34M,3.24%
2009-03-29,7.1,6.45,7.13,6.12,59.69M,7.58%
2009-03-22,6.6,7.25,8,6.6,73.51M,-6.12%
2009-03-15,7.03,7.56,7.61,6.92,67.97M,-5.26%
2009-03-08,7.42,6.51,7.99,6.32,69.94M,15.40%
2009-03-01,6.43,6.76,7.07,6.14,67.71M,-7.75%
2009-02-22,6.97,6.83,7.75,6.42,68.20M,1.01%
2009-02-15,6.9,6.76,7.11,6.5,50.41M,-3.23%
2009-02-08,7.13,8.16,8.17,7.01,55.50M,-14.10%
2009-02-01,8.3,6.9,8.36,6.63,58.30M,14.17%
2009-01-25,7.27,7.29,7.9,6.94,40.63M,-0.82%
2009-01-18,7.33,7.14,7.37,6.22,50.62M,3.82%
2009-01-11,7.06,7.29,7.43,6.49,56.27M,-3.68%
2009-01-04,7.33,8.58,9.13,7.13,62.90M,-15.84%
2008-12-28,8.71,7.69,8.77,7.32,20.84M,12.24%
2008-12-21,7.76,8.18,8.26,7.47,13.09M,-5.13%
2008-12-14,8.18,8.29,8.75,7.58,40.89M,-0.49%
2008-12-07,8.22,8.07,9.22,7.42,47.19M,5.66%
2008-11-30,7.78,6.94,7.78,6.04,61.35M,8.51%
2008-11-23,7.17,5.64,7.25,5.52,54.72M,27.81%
2008-11-16,5.61,7.06,7.31,4.99,91.62M,-23.15%
2008-11-09,7.3,9.29,9.38,6.66,67.80M,-19.87%
2008-11-02,9.11,10.83,11.31,8.78,45.43M,-15.80%
2008-10-26,10.82,9.17,10.92,8.48,52.26M,13.89%
2008-10-19,9.5,10.63,11.63,8.96,153.61M,-8.03%
2008-10-12,10.33,9.21,10.98,8.38,59.69M,19.84%
2008-10-05,8.62,10.16,10.36,7.59,58.64M,-17.67%
2008-09-28,10.47,10.64,11.32,9.67,34.38M,-3.68%
2008-09-21,10.87,11.85,11.99,10.36,37.50M,-15.93%
2008-09-14,12.93,9.83,12.94,9.03,99.69M,24.09%
2008-09-07,10.42,11.05,11.2,9.7,50.31M,-2.98%
2008-08-31,10.74,11.03,11.33,10.17,35.50M,-1.47%
2008-08-24,10.9,10.37,11.07,10.2,37.89M,2.54%
2008-08-17,10.63,11.38,11.45,10.28,43.97M,-7.24%
2008-08-10,11.46,11.17,11.6,10.44,51.20M,1.96%
2008-08-03,11.24,8.96,11.28,8.56,82.86M,23.93%
2008-07-27,9.07,9.49,9.67,8.75,42.77M,-5.62%
2008-07-20,9.61,9.19,10.21,8.61,57.77M,4.91%
2008-07-13,9.16,9.05,9.66,7.64,75.31M,12.95%
2008-07-06,8.11,8.4,8.61,7.59,65.18M,-2.41%
2008-06-29,8.31,9.5,9.5,8.27,47.06M,-11.88%
2008-06-22,9.43,10.21,10.35,9.27,48.14M,-6.63%
2008-06-15,10.1,10.83,11.11,10.02,32.03M,-6.22%
2008-06-08,10.77,10.83,11.03,10.17,47.06M,-0.46%
2008-06-01,10.82,11.67,11.76,10.66,57.81M,-7.36%
2008-05-25,11.68,11.27,12.05,11.01,36.75M,4.19%
2008-05-18,11.21,12.5,12.6,10.77,67.80M,-10.32%
2008-05-11,12.5,12.74,12.86,12.37,32.51M,-2.11%
2008-05-04,12.77,12.67,13.33,12.61,64.52M,0.24%
2008-04-27,12.74,12.33,12.84,11.92,38.83M,3.75%
2008-04-20,12.28,13.35,13.48,12.09,42.29M,-9.31%
2008-04-13,13.54,12.62,14.09,12.38,36.07M,6.45%
2008-04-06,12.72,13.73,13.83,12.35,32.55M,-6.61%
2008-03-30,13.62,12.89,14.1,12.69,28.88M,5.34%
2008-03-23,12.93,13.25,14.2,12.86,27.48M,-2.27%
2008-03-16,13.23,12.18,13.31,11.71,35.31M,2.72%
2008-03-09,12.88,12.48,13.73,11.94,48.74M,2.22%
2008-03-02,12.6,13.87,14,12.38,45.13M,-8.96%
2008-02-24,13.84,13.47,14.35,13.11,50.60M,2.75%
2008-02-17,13.47,14.19,14.21,12.88,54.39M,-2.53%
2008-02-10,13.82,13.56,14.32,13.24,28.78M,1.69%
2008-02-03,13.59,15.34,15.4,13.25,38.37M,-11.06%
2008-01-27,15.28,14.36,15.65,13.82,39.08M,6.63%
2008-01-20,14.33,11.7,15.06,11.58,40.21M,14.82%
2008-01-13,12.48,15.5,15.52,12.22,48.52M,-18.80%
2008-01-06,15.37,14.87,15.56,14.2,31.38M,3.29%
2007-12-30,14.88,16.48,16.63,14.78,18.87M,-9.10%
2007-12-23,16.37,16.35,16.67,16.07,12.75M,0.86%
2007-12-16,16.23,15.51,16.39,15.11,26.56M,4.17%
2007-12-09,15.58,15.44,16.04,14.88,35.60M,2.03%
2007-12-02,15.27,14.49,15.37,14.29,33.37M,5.67%
2007-11-25,14.45,14.53,14.67,14.04,33.47M,-0.62%
2007-11-18,14.54,14.01,14.65,13.7,31.45M,4.01%
2007-11-11,13.98,13.86,14.52,13.1,54.33M,1.67%
2007-11-04,13.75,15.34,16.82,12.9,83.17M,-11.86%
2007-10-28,15.6,14.85,16,14.53,42.15M,5.62%
2007-10-21,14.77,13.33,14.94,13.1,63.85M,10.80%
2007-10-14,13.33,13.67,13.78,13.09,32.74M,-2.63%
2007-10-07,13.69,13.53,14.43,13.4,40.24M,1.41%
2007-09-30,13.5,12.61,13.6,12.55,28.16M,7.48%
2007-09-23,12.56,11.9,12.68,11.21,30.61M,5.81%
2007-09-16,11.87,11.57,13,11.25,54.47M,1.98%
2007-09-09,11.64,10.94,11.91,10.84,28.03M,7.08%
2007-09-02,10.87,10.9,11.28,10.73,15.36M,-0.18%
2007-08-26,10.89,10.47,10.96,10.43,27.13M,4.01%
2007-08-19,10.47,11.02,11.26,10.16,40.26M,-1.04%
2007-08-12,10.58,10.85,11.17,9.49,69.65M,-0.28%
2007-08-05,10.61,10.26,11.13,9.83,63.84M,3.92%
2007-07-29,10.21,10.37,10.62,10,32.09M,-1.73%
2007-07-22,10.39,11.17,11.29,10.13,36.81M,-7.81%
2007-07-15,11.27,10.46,11.37,10.3,57.93M,7.33%
2007-07-08,10.5,10.41,10.75,10.35,50.06M,1.16%
2007-07-01,10.38,9.9,10.42,9.79,19.59M,4.85%
2007-06-24,9.9,9.93,10.15,9.68,32.13M,-0.60%
2007-06-17,9.96,10.6,10.66,9.85,50.60M,-5.50%
2007-06-10,10.54,10.85,10.99,10.45,35.01M,-3.30%
2007-06-03,10.9,11.07,11.36,10.74,33.36M,-1.54%
2007-05-27,11.07,10.98,11.38,10.65,45.00M,1.10%
2007-05-20,10.95,10.42,11.65,10.4,90.92M,4.78%
2007-05-13,10.45,10.43,10.64,10.33,23.24M,-0.57%
2007-05-06,10.51,10.87,10.94,10.42,21.28M,-3.84%
2007-04-29,10.93,11.05,11.29,10.72,34.70M,-0.18%
2007-04-22,10.95,10.97,11.39,10.9,36.34M,2.24%
2007-04-15,10.71,10.27,10.85,10.2,45.07M,2.88%
2007-04-08,10.41,9.89,10.58,9.73,44.43M,5.26%
2007-04-01,9.89,9.81,9.99,9.69,19.86M,0.92%
2007-03-25,9.8,9.8,9.98,9.62,28.33M,0.51%
2007-03-18,9.75,9.27,10.13,9.24,43.35M,5.18%
2007-03-11,9.27,9.51,9.59,8.86,33.06M,-2.63%
2007-03-04,9.52,9.25,9.74,9.13,46.65M,1.06%
2007-02-25,9.42,10.78,10.87,9.25,56.36M,-12.53%
2007-02-18,10.77,10.72,11.14,10.63,36.16M,0.00%
2007-02-11,10.77,12.25,12.25,10.19,136.56M,-13.15%
2007-02-04,12.4,11.11,12.48,11.03,43.83M,10.91%
2007-01-28,11.18,11.33,11.51,11.06,23.14M,-1.67%
2007-01-21,11.37,11.5,11.56,10.84,30.16M,-1.30%
2007-01-14,11.52,11.58,11.89,11.12,25.00M,0.79%
2007-01-07,11.43,11.07,11.87,10.89,45.61M,3.63%
2006-12-31,11.03,10.38,11.16,10.17,37.14M,7.50%
2006-12-24,10.26,10.64,10.73,10.18,26.76M,-3.21%
2006-12-17,10.6,11.88,12.22,10.48,48.66M,-10.55%
2006-12-10,11.85,12.19,12.33,11.65,30.31M,-3.11%
2006-12-03,12.23,12.49,13.08,12,40.24M,-1.69%
2006-11-26,12.44,13.62,14.12,12.08,75.24M,-8.12%
2006-11-19,13.54,12.37,13.82,12.17,47.70M,11.07%
2006-11-12,12.19,12.69,13.08,11.8,54.33M,-3.25%
2006-11-05,12.6,11.73,12.92,11.72,30.48M,5.44%
2006-10-29,11.95,12.2,12.37,11.42,29.76M,-2.37%
2006-10-22,12.24,12.23,12.52,11.92,31.68M,1.32%
2006-10-15,12.08,11.61,12.19,11.46,39.03M,3.60%
2006-10-08,11.66,10.5,11.93,10.47,48.98M,10.00%
2006-10-01,10.6,10.09,10.73,9.63,35.70M,5.16%
2006-09-24,10.08,10.52,10.58,10.03,26.70M,-3.26%
2006-09-17,10.42,9.77,10.83,9.77,42.52M,6.54%
2006-09-10,9.78,9.69,9.93,9.33,29.24M,0.51%
2006-09-03,9.73,9.33,9.91,9.16,29.80M,3.07%
2006-08-27,9.44,8.95,9.67,8.83,25.26M,5.01%
2006-08-20,8.99,9.75,9.75,8.89,21.11M,-8.45%
2006-08-13,9.82,9,10.16,8.94,33.02M,10.34%
2006-08-06,8.9,8.92,9.21,8.75,18.17M,-0.78%
2006-07-30,8.97,9.5,9.51,8.6,33.92M,-6.85%
2006-07-23,9.63,9.02,9.67,9.02,23.72M,7.00%
2006-07-16,9,8.65,9.83,8.44,28.11M,2.86%
2006-07-09,8.75,9.43,9.83,8.59,32.30M,-6.72%
2006-07-02,9.38,9.85,10,9.34,23.17M,-5.92%
2006-06-25,9.97,9.1,9.97,8.48,55.04M,10.29%
2006-06-18,9.04,8.99,9.49,8.5,30.54M,1.12%
2006-06-11,8.94,9.14,9.31,7.97,42.47M,-2.19%
2006-06-04,9.14,10.07,10.45,8.59,40.86M,-8.69%
2006-05-28,10.01,10.96,10.99,9.88,33.93M,-5.92%
2006-05-21,10.64,10.9,10.9,9.11,52.72M,-3.45%
2006-05-14,11.02,12.08,12.39,10.37,44.82M,-8.32%
2006-05-07,12.02,12.45,13.08,11.96,42.05M,-1.88%
2006-04-30,12.25,12.51,12.55,11.55,47.68M,-1.76%
2006-04-23,12.47,13.53,13.53,12.38,54.41M,-9.18%
2006-04-16,13.73,14.16,14.87,13.5,27.18M,-2.49%
2006-04-09,14.08,13.67,15,13.25,21.76M,2.62%
2006-04-02,13.72,13.46,13.97,13.12,16.22M,2.77%
2006-03-26,13.35,13.69,14.16,12.97,26.05M,-1.26%
2006-03-19,13.52,14.73,15.19,13.42,25.12M,-7.33%
2006-03-12,14.59,14.29,15.33,14.01,41.33M,0.48%
2006-03-05,14.52,13.67,14.92,12.38,40.58M,7.08%
2006-02-26,13.56,13.78,14.13,13.2,21.40M,-0.88%
2006-02-19,13.68,13.35,13.93,13.13,14.95M,3.09%
2006-02-12,13.27,13.4,13.42,12.92,24.41M,-0.97%
2006-02-05,13.4,13.33,14.42,13.18,34.94M,0.45%
2006-01-29,13.34,15.33,15.58,13.08,44.61M,-8.13%
2006-01-22,14.52,12.61,14.83,12.17,21.59M,15.15%
2006-01-15,12.61,13.04,13.36,11.73,14.14M,-3.00%
2006-01-08,13,12.94,13.56,12.4,17.76M,-2.11%
2006-01-01,13.28,11.92,13.48,11.61,19.42M,13.21%
2005-12-25,11.73,12.58,12.86,11.63,9.80M,-6.76%
2005-12-18,12.58,12.42,12.9,12.11,14.12M,2.53%
2005-12-11,12.27,13.11,13.12,11.62,27.39M,-5.40%
2005-12-04,12.97,14.33,14.6,12.57,27.68M,-7.95%
2005-11-27,14.09,14.93,15.08,12.69,40.61M,-5.44%
2005-11-20,14.9,13.12,15.05,13,29.83M,14.62%
2005-11-13,13,12.08,13.13,11.18,21.17M,8.06%
2005-11-06,12.03,11.4,12.48,11.31,17.09M,6.93%
2005-10-30,11.25,10.02,11.5,9.96,19.01M,11.94%
2005-10-23,10.05,9.83,10.39,9.73,15.95M,3.61%
2005-10-16,9.7,9.17,9.91,9.03,10.01M,6.24%
2005-10-09,9.13,9.41,10.31,8.57,21.34M,-2.14%
2005-10-02,9.33,8.5,9.37,8.44,12.90M,10.41%
2005-09-25,8.45,8.33,8.5,7.99,4.04M,1.44%
2005-09-18,8.33,8.21,8.46,8.09,4.94M,0.97%
2005-09-11,8.25,8.31,8.45,7.92,6.77M,-1.08%
2005-09-04,8.34,8.17,8.58,8.13,6.60M,1.96%
2005-08-28,8.18,7.62,8.28,7.37,7.23M,6.65%
2005-08-21,7.67,7.57,7.83,7.42,4.60M,1.86%
2005-08-14,7.53,7.81,7.81,7.18,10.62M,-3.21%
2005-08-07,7.78,7.29,7.86,7.2,10.29M,4.57%
2005-07-31,7.44,7.58,8.05,7.36,10.07M,-1.46%
2005-07-24,7.55,6.35,7.72,6.35,13.37M,18.90%
2005-07-17,6.35,7.08,7.08,6.32,12.44M,-9.93%
2005-07-10,7.05,6.56,7.05,6.5,14.67M,7.96%
2005-07-03,6.53,6.43,6.6,6.32,7.53M,1.56%
2005-06-26,6.43,6.22,6.67,6.19,15.49M,3.38%
2005-06-19,6.22,6.15,6.37,5.92,24.84M,1.14%
2005-06-12,6.15,6.42,6.5,6.05,11.61M,-4.06%
2005-06-05,6.41,5.98,6.42,5.96,10.60M,7.01%
2005-05-29,5.99,5.75,6.13,5.64,9.00M,4.54%
2005-05-22,5.73,5.39,5.82,5.28,11.76M,6.51%
2005-05-15,5.38,4.83,5.6,4.79,12.83M,10.93%
2005-05-08,4.85,5.33,5.35,4.81,9.83M,-8.32%
2005-05-01,5.29,5.03,5.35,4.93,8.12M,5.80%
2005-04-24,5,4.43,5.17,4.42,23.67M,11.61%
2005-04-17,4.48,3.48,4.72,3.33,30.44M,28.37%
2005-04-10,3.49,3.67,3.68,3.27,5.66M,-3.86%
2005-04-03,3.63,3.46,3.67,3.45,2.76M,4.31%
2005-03-27,3.48,3.66,3.76,3.43,5.72M,-5.95%
2005-03-20,3.7,3.75,3.95,3.57,5.22M,-2.37%
2005-03-13,3.79,3.5,3.81,3.35,7.47M,10.50%
2005-03-06,3.43,3.76,3.76,3.32,8.47M,-3.92%
2005-02-27,3.57,3.5,3.76,3.4,5.38M,2.00%
2005-02-20,3.5,3.3,3.53,3.17,5.29M,4.79%
2005-02-13,3.34,3.51,3.55,3.13,12.70M,-4.57%
2005-02-06,3.5,3.23,3.63,3.05,34.85M,9.37%
2005-01-30,3.2,2.87,3.3,2.72,2.02M,11.11%
2005-01-23,2.88,2.8,2.88,2.53,1.44M,2.13%
2005-01-16,2.82,2.8,3.03,2.7,500.23K,1.81%
2005-01-09,2.77,3.04,3.23,2.72,884.42K,-8.88%
2005-01-02,3.04,3.5,3.53,3.03,850.34K,-10.59%
2004-12-26,3.4,3.17,3.5,3.07,1.58M,8.63%
2004-12-19,3.13,3.05,3.35,3.05,1.66M,3.30%
2004-12-12,3.03,2.27,3.27,2.25,1.93M,32.89%
2004-12-05,2.28,2.28,2.35,2.17,633.82K,-0.87%
2004-11-28,2.3,2.35,2.35,2.23,185.85K,-1.29%
2004-11-21,2.33,2.52,2.58,2.32,231.84K,-8.63%
2004-11-14,2.55,2.45,2.57,2.42,500.39K,4.08%
2004-11-07,2.45,2.32,2.45,2.28,388.39K,6.52%
2004-10-31,2.3,2.2,2.37,2.18,191.15K,1.32%
2004-10-24,2.27,2.2,2.27,2.13,89.87K,4.13%
2004-10-17,2.18,2.42,2.43,2.15,122.30K,-12.80%
2004-10-10,2.5,2.55,2.57,2.42,75.08K,-1.96%
2004-10-03,2.55,2.43,2.72,2.4,325.97K,3.24%
2004-09-26,2.47,1.97,2.5,1.97,186.44K,25.38%
2004-09-19,1.97,1.87,1.97,1.84,853.58K,7.07%
2004-09-12,1.84,2.02,2.02,1.84,678.71K,-8.91%
2004-09-05,2.02,2.02,2.04,2.02,96.92K,-1.46%
2004-08-29,2.05,2.05,2.08,2.02,40.32K,0.99%
2004-08-22,2.03,2.02,2.05,2.02,48.96K,-0.98%
2004-08-15,2.05,2,2.05,1.95,53.93K,4.06%
2004-08-08,1.97,2.09,2.09,1.93,162.13K,-5.74%
2004-08-01,2.09,2.09,2.11,2.05,161.89K,-0.48%
2004-07-25,2.1,2.1,2.11,2.07,1.57M,0.00%
2004-07-18,2.1,2.12,2.15,2.06,1.70M,-1.87%
2004-07-11,2.14,2.09,2.14,2.08,792.80K,1.90%
2004-07-04,2.1,2.11,2.13,2.07,299.94K,-0.94%
2004-06-27,2.12,2.2,2.21,2.08,302.10K,-3.64%
2004-06-20,2.2,2.3,2.3,2.2,160.87K,-4.35%
2004-06-13,2.3,2.38,2.38,2.29,64.85K,-4.56%
2004-06-06,2.41,2.5,2.5,2.4,113.37K,-0.82%
2004-05-30,2.43,2.42,2.48,2.41,92.13K,0.41%
2004-05-23,2.42,2.37,2.53,2.37,264.45K,2.11%
2004-05-16,2.37,2.37,2.47,2.37,109.98K,-2.07%
2004-05-09,2.42,2.55,2.55,2.37,99.15K,-5.47%
2004-05-02,2.56,2.62,2.67,2.48,184.54K,2.40%
2004-04-25,2.5,2.65,2.67,2.5,111.30K,-4.94%
2004-04-18,2.63,2.52,2.75,2.5,172.53K,2.33%
2004-04-11,2.57,2.83,2.83,2.53,220.79K,-9.82%
2004-04-04,2.85,2.93,2.93,2.83,223.06K,0.00%
2004-03-28,2.85,2.87,2.94,2.85,26.47K,0.00%
2004-03-21,2.85,2.85,2.96,2.85,62.79K,0.00%
2004-03-14,2.85,3,3.02,2.85,127.79K,-5.00%
2004-03-07,3,3.1,3.1,3,211.55K,-1.64%
2004-02-29,3.05,2.97,3.1,2.97,137.24K,2.69%
2004-02-22,2.97,3.03,3.03,2.97,393.04K,-1.66%
2004-02-15,3.02,3.05,3.07,3.02,194.73K,-0.98%
2004-02-08,3.05,3.02,3.07,3.02,198.84K,0.66%
2004-02-01,3.03,2.95,3.03,2.95,236.57K,2.71%
2004-01-25,2.95,3.53,3.58,2.92,304.25K,-14.99%
2004-01-18,3.47,3.6,3.68,3.47,423.01K,-3.61%
2004-01-11,3.6,3.57,4.2,3.52,598.67K,4.65%
2004-01-04,3.44,3,3.5,2.87,333.21K,11.69%
2003-12-28,3.08,3.1,3.17,3,73.80K,0.33%
2003-12-21,3.07,2.88,3.17,2.88,84.38K,3.37%
2003-12-14,2.97,2.9,2.97,2.83,309.82K,3.48%
2003-12-07,2.87,2.95,2.95,2.83,40.53K,-4.33%
2003-11-30,3,2.95,3.02,2.92,50.64K,1.01%
2003-11-23,2.97,3.02,3.02,2.92,124.20K,-1.00%
2003-11-16,3,3.07,3.07,3,127.21K,-2.60%
2003-11-09,3.08,3.05,3.12,3.03,179.40K,0.98%
2003-11-02,3.05,2.93,3.05,2.92,343.18K,4.10%
2003-10-26,2.93,2.95,2.97,2.93,178.80K,-0.34%
2003-10-19,2.94,2.93,3.03,2.93,139.80K,-0.68%
2003-10-12,2.96,2.7,2.97,2.7,273.60K,9.23%
2003-10-05,2.71,2.69,2.73,2.67,92.10K,0.74%
2003-09-28,2.69,2.68,2.7,2.68,74.70K,-2.18%
2003-09-21,2.75,2.7,2.83,2.67,311.70K,1.10%
2003-09-14,2.72,2.57,2.83,2.57,185.40K,5.43%
2003-09-07,2.58,2.55,2.63,2.53,151.80K,1.18%
2003-08-31,2.55,2.38,2.6,2.38,69.30K,5.37%
2003-08-24,2.42,2.38,2.42,2.37,83.10K,-0.41%
2003-08-17,2.43,2.45,2.48,2.23,188.40K,-2.02%
2003-08-10,2.48,2.33,2.48,2.33,106.20K,6.44%
2003-08-03,2.33,2.82,2.83,2.17,321.60K,-17.67%
2003-07-27,2.83,2.85,2.93,2.81,287.10K,0.35%
2003-07-20,2.82,2.97,2.97,2.75,57.00K,-5.05%
2003-07-13,2.97,3.07,3.37,2.75,492.00K,-2.62%
2003-07-06,3.05,2.72,3.17,2.67,646.50K,10.91%
2003-06-29,2.75,2.82,2.82,2.58,328.50K,0.00%
2003-06-22,2.75,2.37,2.92,2.3,390.30K,15.55%
2003-06-15,2.38,2.13,2.57,2.13,569.10K,11.74%
2003-06-08,2.13,2.11,2.13,2.07,280.20K,0.00%
2003-06-01,2.13,2.07,2.15,2.05,203.70K,2.90%
2003-05-25,2.07,1.98,2.07,1.97,225.30K,6.15%
2003-05-18,1.95,2.12,2.12,1.95,474.00K,-7.14%
2003-05-11,2.1,2.13,2.14,2.1,369.90K,0.96%
2003-05-04,2.08,2.16,2.16,2.08,107.70K,-3.26%
2003-04-27,2.15,1.9,2.16,1.85,780.90K,9.14%
2003-04-20,1.97,1.75,1.97,1.73,1.44M,12.57%
2003-04-13,1.75,1.8,1.8,1.72,443.10K,-1.13%
2003-04-06,1.77,2.01,2.08,1.77,457.20K,-11.50%
2003-03-30,2,2.32,2.33,2,238.50K,-13.79%
2003-03-23,2.32,2.32,2.38,2.32,19.80K,-0.43%
2003-03-16,2.33,2.33,2.4,2.3,97.80K,0.00%
2003-03-09,2.33,2.55,2.57,2.25,127.50K,-9.34%
2003-03-02,2.57,2.58,2.63,2.55,44.40K,-0.39%
2003-02-23,2.58,2.67,2.67,2.58,34.20K,-2.64%
2003-02-16,2.65,2.67,2.75,2.63,32.70K,-0.75%
2003-02-09,2.67,3.07,3.07,2.57,153.60K,-12.75%
2003-02-02,3.06,3.03,3.08,3.03,105.90K,0.99%
2003-01-26,3.03,3.07,3.1,3.03,284.40K,-1.30%
2003-01-19,3.07,3.17,3.25,3.07,181.80K,-3.15%
2003-01-12,3.17,3.08,3.34,3.03,132.60K,2.92%
2003-01-05,3.08,3.48,3.48,3.03,453.90K,-9.94%
2002-12-29,3.42,3.6,3.6,3.33,123.60K,-2.29%
2002-12-22,3.5,3.55,3.7,3.5,76.50K,0.00%
2002-12-15,3.5,3.73,3.73,3.5,147.60K,-4.63%
2002-12-08,3.67,3.5,3.73,3.48,133.80K,2.80%
2002-12-01,3.57,3.33,3.58,3.33,448.50K,7.21%
2002-11-24,3.33,2.8,3.67,2.8,1.27M,18.93%
2002-11-17,2.8,2.82,2.83,2.74,104.70K,0.00%
2002-11-10,2.8,2.57,2.83,2.56,190.80K,12.00%
2002-11-03,2.5,2.57,2.57,2.5,23.70K,0.00%
2002-10-27,2.5,2.5,2.58,2.33,121.50K,4.17%
2002-10-20,2.4,2.75,2.75,2.12,205.20K,-12.73%
2002-10-13,2.75,2.98,3,2.67,222.30K,-8.33%
2002-10-06,3,3.13,3.17,2.98,138.60K,-5.66%
2002-09-29,3.18,3.1,3.18,3.1,43.20K,0.63%
2002-09-22,3.16,3.25,3.25,3.1,52.20K,0.96%
2002-09-15,3.13,3.31,3.33,3.13,76.50K,-5.44%
2002-09-08,3.31,3.25,3.37,3.23,214.20K,2.48%
2002-09-01,3.23,3.32,3.33,2.97,391.80K,-3.00%
2002-08-25,3.33,3.67,3.67,3.33,219.60K,-10.00%
2002-08-18,3.7,4.05,4.05,3.67,193.20K,-8.64%
2002-08-11,4.05,4.05,4.07,4,123.90K,0.00%
2002-08-04,4.05,3.97,4.05,3.95,176.10K,3.05%
2002-07-28,3.93,3.5,4,3.48,66.90K,16.27%
2002-07-21,3.38,3.5,3.5,3.33,24.60K,-3.43%
2002-07-14,3.5,4.92,4.92,3.35,189.30K,-30.00%
2002-07-07,5,4.67,5.17,4.58,9.60K,0.00%
