Date,Close,Volume,PriceRange,S&P Close,Gold,Dolla Strength,NASDAQ,High,Low
2003-01-03,30.11,57403600,1.72,927.57,355.3,101.56,3.08,30.15,28.43
2003-01-10,29.18,77590600,1.39,901.78,357.3,100.89,3.17,30.44,29.05
2003-01-17,28.46,91443000,1.99,861.4,369,99.45,3.07,29.47,27.48
2003-01-24,28.66,84805000,1.43,855.7,369.1,100.14,3.03,29.93,28.5
2003-01-31,28.76,98894600,1.19,829.69,370.5,99.77,3.06,29.18,27.99
2003-02-07,27.76,80199900,2.17,834.89,352.2,100.25,2.67,29.56,27.39
2003-02-14,27.06,85509400,1.87,848.17,351.8,100.25,2.65,28.3,26.43
2003-02-21,27.42,57699600,1.2,841.15,350.7,99.81,2.58,28.01,26.81
2003-02-28,28.25,98806300,1.88,828.89,351.3,98.1,2.57,28.34,26.46
2003-03-07,28.4,76029500,1.49,833.27,337,100.05,2.33,28.56,27.07
2003-03-14,27.43,80908500,1.33,895.79,326.5,102.45,2.33,28.18,26.85
2003-03-21,30.28,105195700,3.14,863.5,332.4,100.35,2.32,30.31,27.17
2003-03-28,30.13,93400700,1.56,878.85,326,100.88,2,30.84,29.28
2003-04-04,31.07,101528000,1.97,868.3,328.5,100.56,1.77,31.35,29.38
2003-04-11,29.85,75631300,2.31,893.58,327.6,99.56,1.75,31.96,29.65
2003-04-17,29.71,85229700,5.39,898.81,333.7,98.62,1.97,30.92,25.53
2003-04-25,28.77,122713200,1.68,930.08,341.7,96.94,2.15,30.38,28.7
2003-05-02,29.89,122378000,1.21,933.41,349.3,95.16,2.08,30,28.79
2003-05-09,30.93,101443200,1.44,944.3,355.4,94.18,2.1,31.09,29.65
2003-05-16,31.84,94642300,1.03,933.22,369.3,93.13,1.95,31.97,30.94
2003-05-23,30.2,146230900,2.86,963.59,365.6,93.31,2.07,31.75,28.89
2003-05-30,29.39,87516800,1.22,987.76,364.5,93.56,2.13,30.4,29.18
2003-06-06,31.35,117244900,2.77,988.61,357.2,92.25,2.13,32.14,29.37
2003-06-13,31.34,91700500,0.98,995.69,356.7,94.45,2.38,32.14,31.16
2003-06-20,33.7,167474800,3.29,976.22,346.2,95.49,2.75,34.98,31.69
2003-06-27,33.16,97348600,1.08,985.7,351.7,94.75,2.75,34.16,33.08
2003-07-03,32.43,76190100,1.7,998.14,345.6,96.13,3.05,33.43,31.73
2003-07-11,32.4,87920500,1.42,993.32,347.8,96.82,2.97,33.01,31.59
2003-07-18,31.63,81204800,1.86,998.68,363.3,95.12,2.82,32.74,30.88
2003-07-25,31.3,88101300,1.78,980.15,347,96.87,2.83,32.11,30.33
2003-08-01,30.96,95279700,1.62,977.59,357.1,96.57,2.33,32.16,30.54
2003-08-08,31.23,68730900,0.99,990.67,363.8,96.8,2.48,31.55,30.56
2003-08-15,29.77,107034200,2.02,993.06,363.4,99,2.43,31.39,29.37
2003-08-22,27.99,153529800,2.16,"1,008.01",376.3,98.1,2.42,30.04,27.88
2003-08-29,28.34,91618800,0.73,"1,021.39",378.2,97.13,2.55,28.68,27.95
2003-09-05,28.9,95319700,1.05,"1,018.63",376.4,96.03,2.58,29.38,28.33
2003-09-12,30.22,97541800,1.27,"1,036.30",382.4,95.34,2.72,30.5,29.23
2003-09-19,29.79,95417400,1.07,996.85,381.3,94.25,2.75,30.67,29.6
2003-09-26,28.95,90159700,1.49,"1,029.85",370,93.53,2.69,30.15,28.66
2003-10-03,29.16,97161300,1.13,"1,038.06",374.1,91.79,2.71,29.79,28.66
2003-10-10,29.13,76122900,0.55,"1,039.32",372.2,92.6,2.96,29.41,28.86
2003-10-17,28.95,83203500,1.47,"1,028.91",389.2,91.51,2.94,29.42,27.95
2003-10-24,29.22,92978500,1.06,"1,050.71",385.1,92.88,2.93,29.95,28.89
2003-10-31,29.94,100968200,0.87,"1,053.21",383.9,93.2,3.05,29.95,29.08
2003-11-07,30.1,89895267,1.02,"1,050.35",398.5,91.6,3.08,30.41,29.39
2003-11-14,32.29,127587900,3.07,"1,035.28",396.6,90.75,3,32.67,29.6
2003-11-21,31.43,105334400,1.64,"1,058.20",398,90.28,2.97,32.68,31.04
2003-11-28,31.8,65502200,0.82,"1,061.50",407.3,89.19,3,32.32,31.5
2003-12-05,32.4,87479000,0.61,"1,074.14",410.1,88.46,2.87,32.68,32.07
2003-12-12,32.59,73641200,0.81,"1,088.66",409.9,88.53,2.97,32.92,32.11
2003-12-19,32.47,96667600,0.98,"1,095.89",412.8,87.93,3.07,33.2,32.22
2003-12-26,32.92,42498200,0.87,"1,108.48",416.6,86.93,3.08,33.1,32.23
2004-01-02,33.68,61564100,1.14,"1,121.86",427.3,85.39,3.44,34.06,32.92
2004-01-09,34.16,105070200,0.82,"1,139.83",407.6,88.05,3.6,34.88,34.06
2004-01-16,33.16,96971700,1.57,"1,141.55",408.6,86.85,3.47,34.24,32.67
2004-01-23,34.24,79605400,1.95,"1,131.13",402.9,87.42,2.95,34.64,32.69
2004-01-30,34.7,89367100,1.2,"1,142.76",404.2,86.2,3.03,34.93,33.73
2004-02-06,36.8,137631600,2.17,"1,145.81",410.8,85.68,3.05,36.84,34.67
2004-02-13,35.41,83020000,1.51,"1,144.11",398,87.4,3.02,36.8,35.29
2004-02-20,35.31,53284400,1.13,"1,144.94",397.3,87.42,2.97,35.96,34.83
2004-02-27,34.72,73355600,0.81,"1,156.86",402.1,88.23,3.05,35.53,34.72
2004-03-05,35.21,72256900,1.06,"1,120.57",396.1,89.09,3,35.53,34.47
2004-03-12,33.43,102249100,3.02,"1,109.78",413.2,88.54,2.85,35.97,32.95
2004-03-19,32.16,110261200,1.68,"1,108.06",422.7,89.28,2.85,33.8,32.12
2004-03-26,32.48,94906700,1.14,"1,141.81",422.5,88.85,2.85,32.88,31.74
2004-04-02,34.1,90825600,1.63,"1,139.32",420.7,89.29,2.85,34.32,32.69
2004-04-09,33.73,62974900,0.94,"1,134.61",401.6,90.24,2.57,34.42,33.48
2004-04-16,35.64,113798700,2.6,"1,140.60",395.7,91.36,2.63,35.9,33.3
2004-04-23,34.51,88296900,1.56,"1,107.30",388,90.68,2.5,35.78,34.22
2004-04-30,34.09,76370000,1.69,"1,098.70",379.6,91.31,2.56,35.14,33.45
2004-05-07,34.45,70214700,1.17,"1,095.70",377.6,91.78,2.42,35.05,33.88
2004-05-14,33.73,72454600,1.22,"1,093.56",385.4,90.57,2.37,34.33,33.11
2004-05-21,32.98,63423400,1.23,"1,120.68",394.9,88.98,2.42,34.02,32.79
2004-05-28,33.48,65144700,1.31,"1,122.50",391.7,88.59,2.43,33.73,32.42
2004-06-04,34,58101600,1.09,"1,136.47",386.6,90,2.41,34.29,33.2
2004-06-11,33.81,46120900,0.74,"1,135.02",395.7,89.43,2.3,34.39,33.65
2004-06-18,33.56,75153800,0.62,"1,134.43",403.2,89.22,2.2,33.64,33.02
2004-06-25,32.04,88640900,1.58,"1,125.38",399.3,88.18,2.12,33.62,32.04
2004-07-02,32.25,80774700,1.06,"1,112.81",408.5,87.67,2.1,32.81,31.75
2004-07-09,32.33,52209600,0.64,"1,101.39",407.4,87.3,2.14,32.52,31.88
2004-07-16,30.67,107357200,2.68,"1,086.20",391.1,89.46,2.1,32.65,29.97
2004-07-23,30.6,79315400,0.87,"1,101.72",392.4,90.11,2.1,31.09,30.22
2004-07-30,30.28,84020700,1.04,"1,063.97",400.8,88.46,2.09,30.6,29.56
2004-08-06,29.54,79617800,1.56,"1,064.80",399.8,87.97,1.97,30.92,29.36
2004-08-13,29.61,60166600,1.04,"1,098.35",414,88.23,2.05,30.42,29.38
2004-08-20,30.06,67504100,0.86,"1,107.77",403.8,89.8,2.03,30.27,29.41
2004-08-27,30.93,63906700,1.17,"1,113.63",401.8,89.66,2.05,31.01,29.84
2004-09-03,30.84,70849300,1,"1,123.92",403.1,88.37,2.02,31.31,30.31
2004-09-10,30.18,68356000,1.64,"1,128.55",406.9,89.1,1.84,31.26,29.62
2004-09-17,30.05,91635900,1.02,"1,110.11",408.9,88.59,1.97,30.91,29.89
2004-09-24,28.1,125714300,1.77,"1,131.50",421.2,87.76,2.47,29.81,28.04
2004-10-01,29.34,150536000,1.82,"1,122.14",424.5,87.55,2.55,29.84,28.02
2004-10-08,28.23,168527796,2.75,"1,108.20",420.1,87.22,2.5,29.84,27.09
2004-10-15,27,166383596,2.6,"1,095.74",425.6,85.97,2.18,28.82,26.22
2004-10-22,26.28,124779100,1.69,"1,130.20",430.3,84.98,2.27,27.93,26.24
2004-10-29,27.43,118505400,1.76,"1,166.17",435.3,84.07,2.3,27.57,25.81
2004-11-05,27.27,224244500,3.12,"1,184.17",439.3,83.71,2.45,28.89,25.77
2004-11-12,26,181941700,1.38,"1,170.34",448.1,83.32,2.55,26.98,25.6
2004-11-19,25.8,151914800,1.19,"1,182.65",450.4,81.81,2.33,26.92,25.73
2004-11-26,25.73,103288800,0.85,"1,191.17",457.8,80.98,2.3,26,25.15
2004-12-03,26.42,181290800,1.26,"1,188.00",435.3,82.59,2.28,27.09,25.83
2004-12-10,25.66,168879000,0.61,"1,194.20",442.9,82.23,3.03,26.24,25.63
2004-12-17,24.39,456758704,6.74,"1,210.13",442.9,81.31,3.13,27.57,20.83
2004-12-24,24.7,349757104,2.26,"1,211.92",439.4,81,3.4,25.19,22.93
2004-12-31,25.47,166283800,0.95,"1,186.19",420.6,83.72,3.04,25.86,24.91
2005-01-07,24.91,158521800,1.25,"1,184.52",424.1,83.13,2.77,25.91,24.66
2005-01-14,23.92,126749400,1.2,"1,167.87",427.9,83.34,2.82,25.11,23.91
2005-01-21,23.19,156940300,1.18,"1,171.36",428.1,83.53,2.88,24.37,23.19
2005-01-28,23.07,144611800,0.62,"1,203.03",415.9,84.45,3.2,23.52,22.9
2005-02-04,22.95,184635400,0.83,"1,205.30",422,84.61,3.5,23.38,22.55
2005-02-11,23.83,180399000,1.27,"1,201.59",428.4,83.52,3.34,24.52,23.25
2005-02-18,25.39,202085596,3.18,"1,211.37",437.3,82.65,3.5,26.29,23.11
2005-02-25,25.45,158653600,1.24,"1,222.12",436.3,82.53,3.57,25.77,24.53
2005-03-04,25.44,118479900,0.83,"1,200.08",448.1,81.42,3.43,25.72,24.89
2005-03-11,24.97,102664500,1,"1,189.65",441,82.1,3.79,25.9,24.9
2005-03-18,24.47,107189200,1.19,"1,171.42",426.1,84.11,3.7,25.42,24.23
2005-03-25,24.79,96876900,1.07,"1,172.92",428.3,84.4,3.48,25.13,24.06
2005-04-01,24.77,110659300,0.91,"1,181.20",428.8,84.41,3.63,25.2,24.29
2005-04-08,25.2,202003600,1.55,"1,142.62",426.5,84.5,3.49,25.73,24.18
2005-04-15,26.25,187176500,1.84,"1,152.12",435.6,83.45,4.48,26.74,24.9
2005-04-22,25.79,124964300,1.24,"1,156.85",437.4,84.42,5,26.38,25.14
2005-04-29,25.74,106116300,0.6,"1,171.35",428.2,84.62,5.29,25.79,25.19
2005-05-06,26.16,96463500,0.74,"1,154.05",422,86.1,4.85,26.51,25.77
2005-05-13,26.39,87826600,0.68,"1,189.28",419,86.67,5.38,26.62,25.94
2005-05-20,27.07,115210800,0.85,"1,198.78",422.4,86.41,5.73,27.24,26.39
2005-05-27,26.86,99381800,0.88,"1,196.02",425.8,88.04,5.99,27.42,26.54
2005-06-03,26.49,78049200,0.55,"1,198.11",429.3,88.72,6.41,26.89,26.34
2005-06-10,26.22,106478400,0.89,"1,216.96",440,87.56,6.15,26.76,25.87
2005-06-17,27.26,114193700,1.31,"1,191.57",442,88.7,6.22,27.37,26.06
2005-06-24,27.02,142184500,0.85,"1,194.44",430.3,90,6.43,27.67,26.82
2005-07-01,25.67,164777900,1.57,"1,211.86",425.2,90.15,6.53,26.9,25.33
2005-07-08,25.71,115426500,0.92,"1,227.92",422.8,89.62,7.05,25.83,24.91
2005-07-15,26.12,109694200,0.76,"1,233.68",426.4,89.52,6.35,26.21,25.45
2005-07-22,25.1,159804600,1.26,"1,234.18",432.8,89.23,7.55,26.35,25.09
2005-07-29,25.1,110518900,0.72,"1,226.42",439.7,87.95,7.44,25.54,24.82
2005-08-05,24.87,97584700,0.72,"1,230.39",448.2,86.83,7.78,25.56,24.84
2005-08-12,24.78,96329900,0.69,"1,219.71",439.1,88.49,7.53,25.44,24.75
2005-08-19,24.2,102701100,0.8,"1,205.10",439,87.83,7.67,24.91,24.11
2005-08-26,23.58,122138700,1.02,"1,218.02",447,86.25,8.18,24.48,23.46
2005-09-02,24,107319700,0.79,"1,241.48",451.5,86.89,8.34,24.25,23.46
2005-09-09,24.94,116030700,1.25,"1,237.91",461.8,88.04,8.25,25.25,24
2005-09-16,24.54,97151700,0.84,"1,215.29",465.5,88.98,8.33,25.09,24.25
2005-09-23,23.56,122425900,0.93,"1,228.81",472.3,89.35,8.45,24.49,23.56
2005-09-30,23.65,125193100,0.6,"1,195.90",477.7,88.95,9.33,23.97,23.37
2005-10-07,23.11,122496500,1.14,"1,186.57",471.8,89.18,9.13,24.22,23.08
2005-10-14,23.04,154056300,1.37,"1,179.59",469.1,90.18,9.7,24.13,22.76
2005-10-21,20.13,293643300,3.49,"1,198.41",478.6,89.46,10.05,23.11,19.62
2005-10-28,20.37,212510900,0.57,"1,220.14",459.8,91.16,11.25,20.4,19.83
2005-11-04,21.09,227463800,0.83,"1,234.72",471.3,91.89,12.03,21.12,20.29
2005-11-11,21.25,129847800,0.72,"1,248.27",488.2,91.87,13,21.29,20.57
2005-11-18,20.46,173265700,1.36,"1,268.25",494.3,91.98,14.9,21.42,20.06
2005-11-25,20.53,92068100,0.64,"1,265.08",507,91.88,14.09,20.83,20.19
2005-12-02,20.18,145971600,0.65,"1,259.37",530.2,91.21,12.97,20.71,20.06
2005-12-09,19.52,170644700,0.8,"1,267.32",505.9,89.67,12.27,20.29,19.49
2005-12-16,21.39,328320000,2.67,"1,268.66",505.2,90.55,12.58,21.87,19.2
2005-12-23,22.7,273743904,1.3,"1,248.29",521.2,90.96,11.73,23.87,22.57
2005-12-30,22.09,107924600,0.75,"1,285.45",543.3,88.62,13.28,22.74,21.99
2006-01-06,23.54,153150200,1.28,"1,287.61",559.3,88.66,13,23.64,22.36
2006-01-13,23.37,133136700,0.63,"1,261.49",556.3,88.78,12.61,23.67,23.04
2006-01-20,23.41,174984100,1.21,"1,283.72",561.1,89.19,14.52,23.8,22.59
2006-01-27,24.62,186875400,1.7,"1,264.03",571.6,89.74,13.34,24.71,23.01
2006-02-03,23.95,144760500,1.01,"1,266.99",553.5,90.47,13.4,24.95,23.94
2006-02-10,24.33,215180100,1.79,"1,287.24",554.6,90.56,13.27,25.43,23.64
2006-02-17,24.46,132213800,0.64,"1,289.43",561.2,90.58,13.68,24.5,23.86
2006-02-24,24.98,91206500,0.85,"1,287.23",570.6,89.63,13.56,25.09,24.24
2006-03-03,24.95,136896100,0.88,"1,281.42",543.9,90.88,14.52,25.34,24.46
2006-03-10,24.71,111194500,0.55,"1,307.25",557.6,88.53,14.59,25.01,24.46
2006-03-17,25,122422000,0.68,"1,302.95",563,89.69,13.52,25.09,24.41
2006-03-24,24.65,102304600,0.71,"1,294.87",586.7,89.39,13.35,25.2,24.49
2006-03-31,23.61,121192700,1.13,"1,295.50",592.7,89.31,13.72,24.65,23.52
2006-04-07,23.39,104940900,0.66,"1,289.12",600.1,89.37,14.08,24.01,23.35
2006-04-14,23.21,78002900,0.59,"1,311.28",635.5,87.77,13.73,23.5,22.91
2006-04-21,23.56,125654500,0.69,"1,310.61",657.7,85.88,12.47,23.75,23.06
2006-04-28,24,134597500,0.85,"1,325.76",687.6,84.92,12.25,24.1,23.25
2006-05-05,24.07,121234400,0.58,"1,291.24",715.2,83.83,12.02,24.25,23.67
2006-05-12,23.21,121414500,1.24,"1,267.03",660.8,84.73,11.02,24.37,23.13
2006-05-19,22.57,144904200,1.33,"1,280.16",654.2,85.19,10.64,23.69,22.36
2006-05-26,22.74,130153900,0.51,"1,288.22",641,84,10.01,22.87,22.36
2006-06-02,22.92,94790000,0.65,"1,252.30",612.8,85.71,9.14,22.93,22.28
2006-06-09,22.29,144088800,1.03,"1,251.54",581.7,85.94,8.94,23.12,22.09
2006-06-16,22.2,137939400,0.65,"1,244.50",588,86.45,9.04,22.41,21.76
2006-06-23,21.45,160400600,1.04,"1,270.20",619.3,84.9,9.97,22.36,21.32
2006-06-30,22.23,130099400,1.04,"1,265.48",638.2,84.64,9.38,22.55,21.51
2006-07-07,22.43,83497000,0.5,"1,236.20",671.4,85.78,8.75,22.67,22.17
2006-07-14,21.24,112559300,1.71,"1,240.29",623.4,85.67,9,22.7,20.99
2006-07-21,22.57,154600700,1.66,"1,278.55",641.4,85.19,9.63,22.77,21.11
2006-07-28,24.73,188539000,2.35,"1,279.36",649.6,84.38,8.97,24.91,22.56
2006-08-04,24.61,206385200,1.27,"1,266.74",638.1,85.39,8.9,25.26,23.99
2006-08-11,24.46,137054200,0.72,"1,302.30",615.8,84.98,9.82,24.91,24.19
2006-08-18,25.63,130698100,1.2,"1,295.09",624.9,85.3,8.99,25.69,24.49
2006-08-25,25.8,108761100,0.74,"1,311.01",629.6,84.89,9.44,25.93,25.19
2006-09-01,26.49,122015800,0.83,"1,298.92",614.3,85.96,9.73,26.5,25.67
2006-09-08,26.14,94413200,0.65,"1,319.66",580.3,86.01,9.78,26.53,25.88
2006-09-15,26.56,128326900,0.79,"1,314.78",592.7,84.87,10.42,26.84,26.05
2006-09-22,26.68,116403500,0.67,"1,335.85",604.2,85.68,10.08,27.01,26.34
2006-09-29,26.87,119734100,0.43,"1,349.59",576.8,86.2,10.6,27.07,26.64
2006-10-06,26.43,126018100,0.95,"1,365.62",592.7,86.87,11.66,27.09,26.14
2006-10-13,26.14,134308700,0.59,"1,368.60",596.4,86.06,12.08,26.36,25.77
2006-10-20,26.22,175726200,1.42,"1,377.34",601,85.34,12.24,27,25.58
2006-10-27,25.79,199252600,0.74,"1,364.30",632.3,85.54,11.95,26.32,25.58
2006-11-03,25.15,210163596,0.97,"1,380.90",633.2,84.88,12.6,25.96,24.99
2006-11-10,24.36,261267600,2.34,"1,401.20",625.6,85.29,12.19,26.02,23.68
2006-11-17,25.78,204175800,1.59,"1,400.95",632.1,84.53,13.54,25.81,24.22
2006-11-24,25.47,93669300,0.41,"1,396.71",650.6,82.42,12.44,25.86,25.45
2006-12-01,26.39,212874200,1.05,"1,409.84",631,83.3,12.23,26.41,25.36
2006-12-08,23.84,551763712,4.08,"1,427.09",619.1,84.07,11.85,26.34,22.26
2006-12-15,24.29,225687500,0.79,"1,410.76",622.3,83.67,10.6,24.44,23.65
2006-12-22,24.6,187372200,0.93,"1,418.30",641.1,83.43,10.26,25.15,24.22
2006-12-29,24.54,94275200,0.41,"1,409.71",609.9,84.4,11.03,24.85,24.44
2007-01-05,24.91,104259000,0.62,"1,430.73",629.9,84.82,11.43,25.23,24.61
2007-01-12,25.24,176139100,0.98,"1,430.50",639.5,84.68,11.52,25.4,24.42
2007-01-19,25.79,139941500,0.86,"1,422.18",647.7,85.11,11.37,25.97,25.11
2007-01-26,24.91,205448650,1.23,"1,448.39",651.5,84.79,11.18,25.86,24.63
2007-02-02,25.39,160951500,0.82,"1,438.06",672.3,84.75,12.4,25.45,24.63
2007-02-09,24.99,134669800,0.66,"1,455.54",672.8,83.99,10.77,25.58,24.92
2007-02-16,24.91,135462570,0.51,"1,451.19",686.7,83.99,10.77,25.27,24.76
2007-02-23,24.27,127497300,0.76,"1,387.17",647.1,83.64,9.42,24.97,24.21
2007-03-02,23.48,232574332,1.29,"1,402.84",655.1,84.21,9.52,24.55,23.26
2007-03-09,24.07,179964384,0.89,"1,386.95",657,83.23,9.27,24.2,23.31
2007-03-16,23.67,195528416,0.81,"1,436.11",660.3,83,9.75,24.16,23.35
2007-03-23,24.31,155321872,0.95,"1,420.86",669,82.66,9.8,24.59,23.64
2007-03-30,23.93,157599574,0.68,"1,443.76",679.4,82.76,9.89,24.38,23.7
2007-04-06,24.48,111539046,0.65,"1,452.85",689.9,81.925,10.41,24.55,23.9
2007-04-13,25.27,174617500,1.15,"1,484.35",695.8,81.45,10.71,25.56,24.41
2007-04-20,25.55,207091302,0.68,"1,494.07",688.2,81.35,10.95,25.81,25.13
2007-04-27,25.21,216185088,0.82,"1,505.62",692.9,81.62,10.93,25.43,24.61
2007-05-04,25.65,191892452,0.91,"1,505.85",675.5,82.02,10.51,25.81,24.9
2007-05-11,25.62,180381144,0.62,"1,522.75",665.1,82.11,10.45,25.96,25.34
2007-05-18,25.99,151199008,0.55,"1,515.73",658.3,82.27,10.95,26.03,25.48
2007-05-25,26.08,167449332,0.4,"1,536.34",676.9,82.29,11.07,26.15,25.75
2007-06-01,26.22,135405278,0.57,"1,507.67",650.3,82.69,10.9,26.24,25.67
2007-06-08,25.12,202501320,1.5,"1,532.91",658.7,82.86,10.54,26.27,24.77
2007-06-15,25.08,195233958,0.69,"1,502.56",657,82.11,9.96,25.27,24.58
2007-06-22,24.04,259840840,1.23,"1,503.35",653.9,81.69,9.9,25.27,24.04
2007-06-29,24.22,186599348,0.49,"1,530.44",658.1,81.26,10.38,24.47,23.98
2007-07-06,24.55,105747080,0.54,"1,552.50",670.6,80.39,10.5,24.73,24.19
2007-07-13,24.55,195427838,0.68,"1,534.10",688.1,80.15,11.27,24.72,24.04
2007-07-20,23.59,271656512,1.35,"1,458.95",663.4,80.81,10.39,24.77,23.42
2007-07-27,22.54,248229460,1.43,"1,433.06",678.1,80.06,10.21,23.97,22.54
2007-08-03,22.27,265588312,0.64,"1,453.64",675.3,80.595,10.61,22.78,22.14
2007-08-10,22.73,259968080,1.03,"1,445.94",660.9,81.36,10.58,23.34,22.31
2007-08-17,22.68,251130140,1.02,"1,479.37",671.5,80.61,10.47,22.93,21.91
2007-08-24,23.44,186347416,0.97,"1,473.99",678.8,80.745,10.89,23.57,22.6
2007-08-31,23.53,175214268,0.69,"1,453.55",706.4,79.91,10.87,23.68,22.99
2007-09-07,22.97,136237478,1,"1,484.25",714.4,79.62,11.64,23.84,22.84
2007-09-14,23.01,161926918,0.7,"1,525.75",735.5,78.48,11.87,23.34,22.64
2007-09-21,23.29,218281496,1.16,"1,526.75",750,77.625,12.56,23.75,22.59
2007-09-28,23.14,183790114,0.62,"1,557.59",747.2,78.235,13.5,23.5,22.88
2007-10-05,24.23,179708248,1.14,"1,561.80",753.8,78.16,13.69,24.3,23.16
2007-10-12,23.93,149931056,0.53,"1,500.63",768.4,77.37,13.33,24.36,23.83
2007-10-19,22.8,209378588,1.88,"1,535.28",787.5,76.98,14.77,24.01,22.13
2007-10-26,23.03,189529548,0.7,"1,509.65",811.8,76.3,15.6,23.07,22.37
2007-11-02,22.42,182680792,1.09,"1,453.70",838.3,75.39,13.75,23.45,22.36
2007-11-09,21.63,215310300,1.13,"1,458.74",790.4,75.84,13.98,22.73,21.6
2007-11-16,22.16,188532632,1.1,"1,440.70",828.2,74.86,14.54,22.7,21.6
2007-11-23,21.77,197211324,1.05,"1,481.14",789.1,76.17,14.45,22.17,21.12
2007-11-30,22.51,226379992,1.64,"1,504.66",800.2,76.34,15.27,22.71,21.07
2007-12-07,23.11,175776866,1.1,"1,467.95",798,77.44,15.58,23.21,22.11
2007-12-14,21.88,192522392,1.34,"1,484.46",815.4,77.74,16.23,23.16,21.82
2007-12-21,22.02,217918808,0.61,"1,478.49",831.8,76.235,16.37,22.32,21.71
2007-12-28,21.69,103237632,1.17,"1,411.63",869.3,75.82,14.88,22.79,21.62
2008-01-04,21.63,164380636,0.62,"1,401.02",901.3,76.04,15.37,22.12,21.5
2008-01-11,22.75,260054520,1.24,"1,325.19",885,76.5,12.48,22.93,21.69
2008-01-18,21.32,231101908,1.68,"1,330.61",913.7,76.115,14.33,22.96,21.28
2008-01-25,21.42,290208672,1.61,"1,395.42",913.5,75.565,15.28,22.03,20.42
2008-02-01,22.35,218653312,1.17,"1,331.29",922.3,76.82,13.59,22.54,21.37
2008-02-08,21.13,174607884,1.52,"1,349.99",906.1,76.21,13.82,22.53,21.01
2008-02-15,21.15,226604604,0.81,"1,353.11",947.8,75.575,13.47,21.68,20.87
2008-02-22,21.32,140396488,0.49,"1,330.63",977.5,73.75,13.84,21.48,20.99
2008-02-29,21.11,186030912,0.68,"1,293.37",976.8,73.045,12.6,21.71,21.03
2008-03-07,20.23,192428628,1.18,"1,288.14","1,002.00",71.675,12.88,21.26,20.08
2008-03-14,19.55,204163820,1.4,"1,329.51",922.1,73.23,13.23,20.82,19.42
2008-03-21,19.51,194411232,0.85,"1,315.22",936.5,72.105,12.93,19.98,19.13
2008-03-28,19.42,177314626,0.4,"1,370.40",913.2,72.36,13.62,19.79,19.39
2008-04-04,20.23,187903132,1.06,"1,332.83",927,72.065,12.72,20.46,19.4
2008-04-11,19.37,169272576,1.07,"1,390.33",915.2,72.255,13.54,20.43,19.36
2008-04-18,19.39,243093788,0.83,"1,397.84",889.7,73.03,12.28,19.99,19.16
2008-04-25,19.35,264267760,0.66,"1,413.90",860,73.69,12.74,19.41,18.75
2008-05-02,19.52,247294200,0.61,"1,388.28",888,73.225,12.77,19.56,18.95
2008-05-09,18.75,212474432,0.86,"1,425.35",902.5,72.96,12.5,19.52,18.66
2008-05-16,18.98,198968384,0.33,"1,375.93",928.2,71.97,11.21,19.07,18.74
2008-05-23,18.5,288222072,0.73,"1,400.38",891.5,72.95,11.68,19.22,18.49
2008-05-30,18.34,172370864,0.42,"1,360.68",899,72.43,10.82,18.57,18.15
2008-06-06,17.01,346307712,1.44,"1,360.03",873.1,74.17,10.77,18.44,17
2008-06-13,17.04,270692264,0.63,"1,317.93",903.7,73.38,10.1,17.21,16.58
2008-06-20,16.42,324337500,1.17,"1,278.38",915.1,72.67,9.43,17.56,16.39
2008-06-27,16.37,274062872,0.97,"1,262.90",936,72.99,8.31,17.19,16.22
2008-07-04,16.82,160136928,0.58,"1,239.49",963.2,72.345,8.11,16.93,16.35
2008-07-11,16.87,258268508,1.24,"1,260.68",960.6,72.425,9.16,17.59,16.35
2008-07-18,17.36,245451652,1.09,"1,257.76",929.3,73.075,9.61,17.52,16.43
2008-07-25,17.9,248083940,1.29,"1,260.31",912.9,73.6,9.07,18.24,16.95
2008-08-01,17.62,191356048,0.74,"1,296.32",860.7,76.01,11.24,18.11,17.37
2008-08-08,18.8,223847268,1.25,"1,298.20",788.4,77.35,11.46,18.82,17.57
2008-08-15,18.92,193399628,0.59,"1,292.20",829.5,76.895,10.63,19.07,18.48
2008-08-22,18.71,158082318,0.99,"1,282.83",833.2,77.5,10.9,19.03,18.04
2008-08-29,18.1,172744024,0.87,"1,242.31",800.6,79,10.74,18.82,17.95
2008-09-05,17.54,147701458,1.08,"1,251.70",762.5,78.975,10.42,18.56,17.48
2008-09-12,17.64,218510674,1.15,"1,255.08",862.9,77.94,12.93,18.18,17.03
2008-09-19,17.57,402444200,1.73,"1,213.27",886,77.045,10.87,17.99,16.26
2008-09-26,17.68,242301180,0.98,"1,099.23",833.2,80.58,10.47,17.8,16.82
2008-10-03,18,352750460,1.65,899.22,859,83.31,8.62,18.37,16.72
2008-10-10,14.34,551671728,4.44,940.55,787.7,82.835,10.33,18,13.56
2008-10-17,16.02,414728184,1.82,876.77,730.3,86.95,9.5,16.61,14.79
2008-10-24,15.7,325486168,2.15,968.75,718.9,86.345,10.82,17,14.85
2008-10-31,16.78,331878936,2.09,930.99,735.7,86.45,9.11,17.29,15.2
2008-11-07,15.97,245499708,2.11,873.29,743.6,86.785,7.3,17.48,15.37
2008-11-14,15.42,241735880,1.9,800.03,792.1,88.415,5.61,16.39,14.49
2008-11-21,14.84,341941872,2.12,896.24,819,86.705,7.17,15.63,13.51
2008-11-28,15.56,193934112,1.03,876.07,752.2,87.19,7.78,15.66,14.63
2008-12-05,15.68,267127284,1.69,879.73,820.5,83.63,8.22,16.09,14.4
2008-12-12,16.03,236985436,1,887.88,837.4,82.435,8.18,16.34,15.34
2008-12-19,16.39,274718404,1.01,872.8,871.2,81.69,7.76,16.64,15.63
2008-12-26,16.2,108892797,0.58,931.8,880,82.805,8.71,16.59,16.01
2009-01-02,17.31,131007084,1.23,890.35,855.7,83.455,7.33,17.34,16.11
2009-01-09,16.52,202007614,1.09,850.12,840.7,84.835,7.06,17.51,16.42
2009-01-16,16.58,262318900,1.18,831.95,896.9,86.19,7.33,16.83,15.65
2009-01-23,16.53,251822376,1.21,825.88,928.4,86.46,7.27,16.89,15.68
2009-01-30,13.81,567340200,1.92,868.6,914.3,85.645,8.3,15.66,13.74
2009-02-06,14.06,340644804,0.99,826.84,942.2,86.325,7.13,14.57,13.58
2009-02-13,13.81,297505252,1.3,770.05,"1,002.20",86.7,6.9,14.32,13.02
2009-02-20,12.99,215785828,0.79,735.09,943.5,88.15,6.97,13.67,12.88
2009-02-27,11.66,382971544,1.4,683.38,943.7,88.55,6.43,13.03,11.63
2009-03-06,12.06,465998888,1.07,756.55,931.2,87.455,7.42,12.08,11.01
2009-03-13,13.77,441632248,2.21,768.54,957.4,84.34,7.03,13.94,11.73
2009-03-20,12.91,333651308,1.5,815.94,924.1,85.58,6.6,14.2,12.7
2009-03-27,13.3,279527284,0.9,842.5,897.3,84.555,7.1,13.85,12.95
2009-04-03,12.84,294732088,0.64,856.56,883.3,86.075,7.33,13.36,12.72
2009-04-10,12.84,206653440,0.79,869.6,867.9,86.295,6.6,13.44,12.65
2009-04-17,13.41,283688624,1.01,866.23,914.1,84.92,6.37,13.52,12.51
2009-04-24,12.48,342591216,1.2,877.52,889,84.705,6.45,13.28,12.08
2009-05-01,12.86,324016032,0.55,929.23,915.7,82.64,6.79,13,12.45
2009-05-08,13.64,318667144,0.85,882.88,931.9,83.15,5.96,13.75,12.9
2009-05-15,14.22,367528140,1.42,887,959.7,80.055,6.46,14.78,13.36
2009-05-22,14.17,193476184,0.62,919.14,980.3,79.43,7.04,14.52,13.9
2009-05-29,14.39,196810276,0.6,940.09,962.6,80.73,7.33,14.4,13.8
2009-06-05,13.75,262332448,1.06,946.21,940.7,80.175,7.25,14.64,13.58
2009-06-12,13.98,282416792,1.06,921.23,936.2,80.63,7.06,14.27,13.21
2009-06-19,14.21,311166844,1.23,918.9,941,80.105,7.05,14.51,13.28
2009-06-26,14.39,239827412,0.73,896.42,931.6,80.665,6.82,14.56,13.83
2009-07-03,13.72,213586786,0.88,879.13,912.5,80.43,6.31,14.56,13.68
2009-07-10,13.45,266787776,0.69,940.38,913.2,79.505,6.69,14.06,13.37
2009-07-17,14.17,224307864,0.87,979.26,938.1,78.895,6.78,14.32,13.45
2009-07-24,15.61,303937616,1.66,987.48,953.8,78.45,7.04,15.63,13.97
2009-07-31,15.09,275192272,0.96,"1,010.48",954.5,79.105,7.62,15.78,14.82
2009-08-07,15.12,236136768,0.5,"1,004.09",958.1,79.005,7.08,15.33,14.83
2009-08-14,14.94,162768266,0.44,"1,026.13",947.6,78.1,6.95,15.16,14.72
2009-08-21,15.76,236128596,1.11,"1,028.93",953.4,78.385,7.11,15.84,14.73
2009-08-28,15.92,172076548,0.36,"1,016.40",946,78.165,6.94,16.09,15.73
2009-09-04,15.53,180045676,0.83,"1,042.73",996,76.64,6.96,15.94,15.11
2009-09-11,15.39,155062600,0.36,"1,068.30","1,005.80",76.67,7.54,15.6,15.24
2009-09-18,15.64,229563256,0.67,"1,044.38","1,009.90",77.015,7.1,15.92,15.25
2009-09-25,15.54,232256772,0.61,"1,025.21",991.1,77.215,6.58,16.04,15.43
2009-10-02,15.3,262956824,0.82,"1,071.49","1,004.30",76.62,6.8,16.05,15.23
2009-10-09,16.03,231289512,0.91,"1,087.68","1,048.60",75.77,6.57,16.13,15.22
2009-10-16,16.83,451747648,1.18,"1,079.60","1,051.50",75.6,6.62,16.95,15.77
2009-10-23,16.34,399613916,1.22,"1,036.19","1,056.40",76.475,6.02,17.46,16.24
2009-10-30,16.13,306223832,0.55,"1,069.30","1,040.90",75.94,6.15,16.64,16.09
2009-11-06,16.07,258121152,0.5,"1,093.48","1,096.40",75.425,6.31,16.34,15.84
2009-11-13,16.66,209126296,0.79,"1,091.38","1,117.40",75.73,6.32,16.92,16.13
2009-11-20,17.39,227107176,0.81,"1,091.49","1,147.60",75.04,6.26,17.51,16.7
2009-11-27,17.29,197125074,0.85,"1,105.98","1,175.50",75.97,6.67,17.9,17.05
2009-12-04,17.52,269098276,0.78,"1,106.41","1,169.50",76.585,6.55,17.99,17.21
2009-12-11,17.34,296444924,0.9,"1,102.47","1,119.90",78.195,6.67,17.6,16.7
2009-12-18,17.34,232456264,0.46,"1,126.48","1,111.50",78.175,6.82,17.57,17.11
2009-12-25,17.62,115965264,0.5,"1,115.10","1,104.80",78.22,6.61,17.9,17.4
2010-01-01,17.23,83086436,0.5,"1,144.98","1,096.90",77.655,6.74,17.73,17.23
2010-01-08,17.7,206708608,0.67,"1,136.03","1,139.60",77.48,6.72,17.94,17.27
2010-01-15,18.46,257139016,0.98,"1,091.76","1,131.20",78.43,6.11,18.64,17.66
2010-01-22,17.96,296474480,1.39,"1,073.87","1,090.30",79.65,6,19.29,17.9
2010-01-29,17.68,254483000,0.7,"1,066.19","1,083.80",80.595,6.27,18.24,17.54
2010-02-05,17.01,405764348,1.64,"1,075.51","1,052.80",80.41,6.1,18.31,16.67
2010-02-12,16.86,291609572,0.5,"1,109.17","1,090.00",80.72,6.21,17.19,16.69
2010-02-19,17.04,229330836,0.54,"1,104.49","1,122.10",80.44,6.21,17.15,16.61
2010-02-26,16.63,286298416,0.68,"1,138.70","1,119.50",80.46,6.68,17.19,16.51
2010-03-05,16.56,340986636,0.64,"1,149.99","1,135.80",79.84,6.77,16.94,16.3
2010-03-12,16.18,294186808,0.57,"1,159.90","1,102.30",80.975,7.01,16.67,16.1
2010-03-19,16.02,317904376,0.54,"1,166.59","1,108.20",81.978,7.02,16.46,15.92
2010-03-26,16.24,321385452,0.75,"1,178.10","1,105.00",81.444,7.05,16.84,16.09
2010-04-02,16.18,218727036,0.37,"1,194.37","1,126.10",81.241,7.3,16.47,16.1
2010-04-09,16.34,327695980,0.44,"1,192.13","1,161.90",80.944,7.13,16.4,15.96
2010-04-16,15.92,346424892,0.5,"1,217.28","1,136.90",81.498,7.56,16.42,15.92
2010-04-23,16.02,359049140,0.64,"1,186.69","1,153.70",81.991,7,16.11,15.47
2010-04-30,15.84,354260568,0.58,"1,110.88","1,181.40",84.659,6.37,16.11,15.53
2010-05-07,15.59,518302104,1.45,"1,135.68","1,211.30",86.231,6.55,16.47,15.02
2010-05-14,15.35,319541080,1.13,"1,087.69","1,228.70",85.537,6.26,16.34,15.21
2010-05-21,14.59,469257824,1.24,"1,089.41","1,176.80",86.582,6.2,15.41,14.17
2010-05-28,14.43,377753596,0.8,"1,064.88","1,215.00",88.315,6.14,14.77,13.97
2010-06-04,13.98,218615792,0.71,"1,091.60","1,217.70",87.517,6.38,14.61,13.9
2010-06-11,14.65,354413380,1.11,"1,117.51","1,230.20",85.976,6.39,14.7,13.59
2010-06-18,14.41,259210424,0.49,"1,076.76","1,258.30",85.579,6.3,14.78,14.29
2010-06-25,13.87,282595560,0.96,"1,022.58","1,256.20",84.67,5.77,14.57,13.61
2010-07-02,13.4,268829548,0.74,"1,077.96","1,208.60",84.152,6.07,14,13.26
2010-07-09,13.99,218628178,0.79,"1,064.88","1,210.80",82.658,5.87,14.19,13.4
2010-07-16,13.79,225417104,0.52,"1,102.66","1,189.10",82.629,6.21,14.3,13.78
2010-07-23,13.81,220154788,0.46,"1,101.60","1,188.90",81.655,6.49,14.09,13.63
2010-07-30,14.21,257910084,0.79,"1,121.64","1,182.40",80.496,6.74,14.63,13.84
2010-08-06,15.38,412526008,1.35,"1,079.25","1,204.10",83.038,6.65,15.65,14.3
2010-08-13,15.23,240253430,0.71,"1,071.69","1,215.40",83.16,6.5,15.73,15.02
2010-08-20,15.08,238548012,0.55,"1,064.59","1,227.60",82.968,6.18,15.54,14.99
2010-08-27,15.24,239357508,0.54,"1,104.51","1,236.60",82.124,6.4,15.38,14.84
2010-09-03,15.59,195042040,0.76,"1,109.55","1,250.70",82.701,6.32,15.72,14.96
2010-09-10,16.1,189652076,0.74,"1,125.59","1,246.10",81.641,6.48,16.1,15.36
2010-09-17,16.16,246122596,0.49,"1,148.67","1,276.80",79.599,6.72,16.45,15.96
2010-09-24,16.48,198972548,0.37,"1,146.24","1,297.30",78.313,6.43,16.49,16.12
2010-10-01,16.28,188971240,0.41,"1,165.15","1,317.80",77.563,6.63,16.58,16.17
2010-10-08,16.54,179805068,0.62,"1,176.19","1,345.30",77.268,6.64,16.59,15.97
2010-10-15,16.82,192411760,0.55,"1,183.08","1,372.00",77.685,6.89,16.91,16.36
2010-10-22,16.58,292571396,0.62,"1,183.26","1,325.10",77.457,7.04,16.96,16.34
2010-10-29,16.5,222449800,0.52,"1,225.85","1,358.70",76.691,7.4,16.79,16.27
2010-11-05,16.28,277894664,0.75,"1,199.21","1,398.80",78.231,7.17,16.9,16.15
2010-11-12,15.96,223343768,0.51,"1,199.73","1,366.60",78.594,7.32,16.25,15.74
2010-11-19,15.91,179622216,0.52,"1,189.40","1,353.40",80.433,7.17,16.12,15.6
2010-11-26,15.62,112151113,0.29,"1,224.71","1,363.40",79.407,7.54,15.85,15.56
2010-12-03,15.84,202872244,0.53,"1,240.40","1,406.20",80.066,7.61,15.92,15.39
2010-12-10,16.12,233253746,0.49,"1,243.91","1,384.90",80.752,7.83,16.21,15.72
2010-12-17,16.13,226122504,0.34,"1,256.77","1,379.20",80.832,7.94,16.44,16.1
2010-12-24,16.68,147622668,0.63,"1,257.64","1,380.50",79.288,7.91,16.72,16.09
2010-12-31,16.59,127117500,0.26,"1,271.50","1,422.50",81.321,7.79,16.77,16.51
2011-01-07,17.37,386804788,0.72,"1,293.24","1,369.80",79.366,8.12,17.41,16.69
2011-01-14,17.37,248453504,0.33,"1,283.35","1,361.40",78.37,8.1,17.51,17.18
2011-01-21,17.39,159663704,0.45,"1,276.34","1,341.80",78.28,8.17,17.52,17.07
2011-01-28,17.19,277157384,0.59,"1,310.87","1,341.70",78.157,8.85,17.77,17.18
2011-02-04,18.28,358819624,1.17,"1,329.15","1,349.00",78.565,9.37,18.37,17.2
2011-02-11,17.84,180912036,0.64,"1,340.43","1,360.40",77.72,9.7,18.28,17.64
2011-02-18,18.18,193695896,0.64,"1,319.88","1,388.60",77.3,9.47,18.37,17.73
2011-02-25,17.87,177077740,0.43,"1,321.15","1,410.70",76.416,9.34,18.12,17.69
2011-03-04,18.62,257979736,0.95,"1,304.28","1,429.30",76.77,9.06,18.85,17.9
2011-03-11,18.44,195391034,0.43,"1,279.20","1,422.50",75.971,8.26,18.71,18.28
2011-03-18,19.12,457420632,1.08,"1,313.80","1,416.80",76.485,8.43,19.22,18.14
2011-03-25,19.28,215914632,0.72,"1,332.41","1,426.90",76.083,9.41,19.42,18.7
2011-04-01,19.31,170424402,0.44,"1,328.17","1,428.90",75.273,9.48,19.49,19.05
2011-04-08,19.38,199157968,0.43,"1,319.68","1,474.10",75.028,9.4,19.52,19.09
2011-04-15,19.45,209481822,0.4,"1,337.38","1,486.00",74.18,9.18,19.66,19.26
2011-04-22,18.75,282347024,1.69,"1,363.61","1,503.80",73.107,9.04,19.78,18.09
2011-04-29,19.87,205782608,1.1,"1,340.20","1,557.00",75.08,8.86,19.95,18.85
2011-05-06,19.47,273973048,1.07,"1,337.78","1,492.20",75.938,8.97,20.08,19.01
2011-05-13,19.82,180162308,0.51,"1,333.27","1,494.20",75.579,8.5,19.88,19.37
2011-05-20,19.6,249113164,0.57,"1,331.10","1,509.40",75.018,8.46,20.16,19.59
2011-05-27,19.83,190408170,0.66,"1,300.16","1,537.30",73.807,8.04,19.94,19.28
2011-06-03,19.74,169014116,0.75,"1,270.98","1,542.40",74.798,7.93,20.32,19.57
2011-06-10,19.05,196181320,0.89,"1,271.50","1,529.20",75.461,7.92,19.87,18.98
2011-06-17,19.19,229372500,0.66,"1,268.45","1,539.10",76.21,7.8,19.64,18.98
2011-06-24,19.02,259247634,0.84,"1,339.67","1,500.90",74.674,8.71,19.86,19.02
2011-07-01,19.66,199118118,0.68,"1,343.80","1,483.10",75.514,8.46,19.67,18.99
2011-07-08,19.1,194142962,0.8,"1,316.14","1,542.30",75.52,7.9,19.85,19.05
2011-07-15,18.71,214725352,0.52,"1,345.02","1,590.60",74.412,8.07,19.14,18.62
2011-07-22,19.01,175076508,0.67,"1,292.28","1,602.20",74.036,8.02,19.14,18.47
2011-07-29,18.24,238874438,0.89,"1,199.38","1,629.90",74.802,7.6,18.94,18.05
2011-08-05,16.57,386503208,2.31,"1,178.81","1,650.20",74.743,7.66,18.44,16.13
2011-08-12,16.92,478130908,1.4,"1,123.53","1,741.00",74.106,7.07,17.15,15.75
2011-08-19,16.74,267897380,1.04,"1,176.80","1,850.10",73.869,7.58,17.62,16.58
2011-08-26,17.25,232584216,0.86,"1,173.97","1,795.10",74.839,7.52,17.45,16.59
2011-09-02,17.49,210121972,0.68,"1,154.23","1,875.50",77.3,7.42,18.14,17.46
2011-09-09,17.32,191287684,0.97,"1,216.01","1,858.30",76.593,8.42,18.12,17.15
2011-09-16,17.19,253862348,0.74,"1,136.43","1,813.50",79.228,8.13,17.66,16.92
2011-09-23,16.53,264967004,1.01,"1,131.42","1,638.60",79.075,7.71,17.4,16.39
2011-09-30,16.75,217948312,0.76,"1,155.46","1,622.30",79.149,8.04,17.16,16.4
2011-10-07,17.47,301581088,1.58,"1,224.58","1,635.80",76.907,8.49,17.73,16.15
2011-10-14,18.04,167744742,0.48,"1,238.25","1,683.00",76.628,8.37,18.08,17.6
2011-10-21,18.06,185979646,0.65,"1,285.09","1,636.10",75.216,8.56,18.19,17.54
2011-10-28,18.78,203990564,1.07,"1,253.23","1,749.30",77.162,8.43,18.9,17.83
2011-11-04,18.62,272270196,0.92,"1,263.85","1,757.10",77.131,8.84,18.89,17.97
2011-11-11,18.94,312059868,0.83,"1,215.65","1,789.20",78.255,8.56,19.09,18.26
2011-11-18,18.5,198277408,0.7,"1,158.67","1,727.00",79.831,8.18,18.95,18.25
2011-11-25,17.48,161502160,1.17,"1,244.28","1,687.30",78.731,8.63,18.36,17.19
2011-12-02,18.84,239173068,1.37,"1,255.19","1,751.30",78.681,8.51,19.15,17.78
2011-12-09,19.48,228464604,0.89,"1,219.66","1,716.80",80.249,8.01,19.58,18.69
2011-12-16,19.92,291967328,1.08,"1,265.33","1,597.90",80.236,8.23,20.24,19.16
2011-12-23,20.68,214498228,0.75,"1,257.60","1,606.00",80.522,8.17,20.68,19.93
2011-12-30,20.5,89577354,0.43,"1,277.81","1,568.00",81.597,8.14,20.75,20.32
2012-01-06,20.43,160736764,0.58,"1,289.09","1,566.80",81.791,8.27,20.84,20.26
2012-01-13,20.69,152569962,0.46,"1,315.38","1,618.10",80.406,8.45,20.84,20.38
2012-01-20,20.75,144730080,0.55,"1,316.33","1,616.80",79.011,8.66,21,20.45
2012-01-27,20.35,362461576,0.51,"1,344.90","1,632.20",79.057,8.36,20.83,20.32
2012-02-03,20.08,271212496,0.94,"1,342.64","1,665.20",79.226,8.67,20.64,19.7
2012-02-10,19.94,159570784,0.43,"1,361.23","1,734.00",79.456,8.94,20.13,19.7
2012-02-17,20.07,143251876,0.41,"1,365.74","1,740.30",78.401,8.9,20.35,19.94
2012-02-24,20.06,123776748,0.39,"1,369.63","1,725.30",79.462,8.7,20.3,19.91
2012-03-02,20.28,172853190,0.85,"1,370.87","1,725.90",80.084,8.71,20.51,19.66
2012-03-09,20.35,172291864,0.53,"1,404.17","1,776.40",79.734,8.87,20.6,20.07
2012-03-16,20.78,214042884,0.65,"1,397.11","1,711.10",79.576,8.88,20.94,20.29
2012-03-23,20.67,117490756,0.28,"1,408.47","1,712.70",79.138,8.63,20.84,20.56
2012-03-30,21.45,194925402,0.81,"1,398.08","1,656.60",80.293,8.51,21.6,20.79
2012-04-06,21.16,124818510,0.48,"1,370.26","1,663.20",80.055,8.19,21.53,21.05
2012-04-13,20.7,185610878,0.71,"1,378.53","1,671.90",79.313,8.35,21.37,20.66
2012-04-20,21.37,167932142,0.91,"1,403.36","1,630.10",78.757,8.38,21.53,20.62
2012-04-27,21.86,288808500,0.93,"1,369.10","1,660.20",79.587,7.89,22.07,21.14
2012-05-04,21.2,211939566,0.77,"1,353.39","1,642.80",80.404,7.79,21.88,21.11
2012-05-11,21.46,227197762,0.99,"1,295.22","1,666.00",81.424,7.33,21.78,20.79
2012-05-18,21.38,188582696,0.52,"1,317.82","1,646.30",82.523,7.35,21.6,21.08
2012-05-25,20.96,169824338,0.73,"1,278.04","1,585.10",82.973,7.13,21.49,20.76
2012-06-01,20.5,150755930,0.93,"1,325.66","1,593.00",82.562,7.37,21.24,20.31
2012-06-08,20.97,142040448,0.74,"1,342.84","1,570.00",81.605,7.16,21.01,20.27
2012-06-15,21.42,141185636,0.88,"1,335.02","1,622.10",82.442,7.26,21.66,20.78
2012-06-22,21.53,118451868,0.39,"1,362.16","1,591.40",81.753,7.56,21.73,21.34
2012-06-29,21.79,127320484,0.9,"1,354.68","1,628.10",83.561,7.41,21.79,20.89
2012-07-06,21.35,82351044,0.68,"1,356.78","1,566.90",83.474,7.52,21.87,21.19
2012-07-13,21.61,144700976,0.85,"1,362.66","1,605.30",83.573,7.46,21.69,20.84
2012-07-20,22.45,324810900,1.1,"1,385.97","1,580.00",82.765,7.75,22.61,21.51
2012-07-27,22.57,230181500,0.83,"1,390.99","1,593.20",82.446,7.65,22.68,21.85
2012-08-03,23,190755612,0.87,"1,405.87","1,583.90",82.631,7.79,23.2,22.33
2012-08-10,22.68,156923432,0.64,"1,418.16","1,619.20",82.663,7.86,23.09,22.45
2012-08-17,22.54,115088174,0.5,"1,411.13","1,607.10",81.603,7.59,22.91,22.41
2012-08-24,22.75,107924846,0.48,"1,406.58","1,620.70",81.216,7.62,22.83,22.35
2012-08-31,22.6,101997068,0.34,"1,437.92","1,617.30",80.234,7.91,22.84,22.5
2012-09-07,22.96,104756946,0.63,"1,465.77","1,670.70",78.841,8.16,23.1,22.47
2012-09-14,22.55,147143794,0.59,"1,460.15","1,686.40",79.398,7.93,22.98,22.39
2012-09-21,23.22,153646256,0.93,"1,440.67","1,739.30",80.025,7.76,23.36,22.43
2012-09-28,23.54,138129020,0.67,"1,460.93","1,771.40",79.428,7.86,23.83,23.16
2012-10-05,24.18,125232976,0.75,"1,428.59","1,776.70",79.74,7.75,24.24,23.49
2012-10-12,23.8,107388228,0.5,"1,433.19","1,773.90",79.688,8.09,24.18,23.68
2012-10-19,24.4,145970678,0.9,"1,411.94","1,780.80",80.156,7.92,24.72,23.82
2012-10-26,24.09,126734566,0.68,"1,414.20","1,759.70",80.683,8.01,24.38,23.7
2012-11-02,23.26,123838236,1.28,"1,379.85","1,724.00",81.098,7.86,24.39,23.11
2012-11-09,22.9,167807836,0.92,"1,359.88","1,711.90",81.31,7.65,23.65,22.73
2012-11-16,22.6,150339108,0.79,"1,409.15","1,676.20",80.236,7.93,23.1,22.31
2012-11-23,23.24,116136442,0.63,"1,416.18","1,731.90",80.163,8.08,23.24,22.61
2012-11-30,23.7,165059750,0.88,"1,418.07","1,715.70",80.402,7.9,23.76,22.88
2012-12-07,24.21,166367054,0.75,"1,413.58","1,752.50",79.56,8.07,24.43,23.68
2012-12-14,23.85,139801458,0.59,"1,430.15","1,712.70",79.712,8.5,24.42,23.83
2012-12-21,23.76,178357754,0.7,"1,402.43","1,705.50",79.785,8.3,24.43,23.73
2012-12-28,23.58,79004278,0.5,"1,466.47","1,697.00",80.61,8.83,24,23.5
2013-01-04,24.59,129610678,1.29,"1,472.05","1,660.10",79.611,8.86,24.62,23.33
2013-01-11,25.12,152968936,1,"1,485.98","1,658.10",80.116,9.04,25.41,24.41
2013-01-18,25.14,174392226,0.59,"1,502.96","1,649.90",79.82,9.23,25.54,24.95
2013-01-25,25.58,160015110,0.84,"1,513.17","1,661.60",79.135,9.55,25.86,25.02
2013-02-01,26.17,234732820,0.94,"1,517.93","1,688.00",80.316,9.82,26.37,25.43
2013-02-08,25.46,161865920,0.77,"1,519.79","1,657.60",80.576,10.36,26.15,25.38
2013-02-15,25.85,125158780,0.59,"1,515.60","1,670.60",81.585,10.45,25.99,25.4
2013-02-22,25.94,108730476,0.59,"1,518.20","1,666.90",82.358,10.53,26.29,25.7
2013-03-01,25.95,149084428,0.77,"1,551.18","1,609.50",82.731,10.67,26.18,25.41
2013-03-08,26.71,137890862,1.07,"1,560.70","1,572.80",82.256,10.86,26.89,25.82
2013-03-15,26.54,170899652,0.53,"1,556.89","1,573.10",82.529,10.79,26.82,26.29
2013-03-22,26.89,133814050,0.62,"1,569.19","1,577.90",83.175,10.77,26.9,26.28
2013-03-29,27.34,114085502,0.87,"1,553.28","1,593.60",82.603,9.59,27.38,26.51
2013-04-05,27.57,139221314,0.72,"1,588.85","1,607.00",82.406,9.73,27.89,27.17
2013-04-12,29.05,188207904,2.12,"1,555.25","1,595.70",82.846,9.32,29.25,27.13
2013-04-19,29.42,171650566,0.57,"1,582.24","1,575.90",82.571,9.64,29.42,28.85
2013-04-26,28.51,180491272,2.24,"1,614.42","1,501.40",82.195,10.15,29.51,27.27
2013-05-03,27.43,218554644,1.78,"1,633.70","1,395.60",83.231,10.17,28.97,27.19
2013-05-10,27.21,155720526,0.72,"1,667.47","1,453.60",84.387,10.42,27.64,26.92
2013-05-17,27.43,161067866,0.97,"1,649.60","1,464.80",83.758,10.24,28.13,27.16
2013-05-24,27.51,246719680,1.64,"1,630.74","1,437.00",83.401,10.49,28.46,26.82
2013-05-31,25.8,219548960,2.15,"1,643.38","1,365.30",81.66,10.96,27.95,25.8
2013-06-07,26.77,365230584,1.42,"1,626.73","1,387.00",80.65,10.87,27.11,25.69
2013-06-14,27.56,391749752,1.33,"1,592.43","1,393.00",82.517,10.86,27.81,26.48
2013-06-21,26.96,751282880,1.29,"1,606.28","1,383.00",83.376,10.93,28.24,26.95
2013-06-28,26.53,703402256,1.14,"1,631.89","1,387.60",84.689,11.1,27.21,26.07
2013-07-05,26.5,187697376,0.92,"1,680.19","1,292.00",83.163,11.43,26.81,25.89
2013-07-12,27.29,153629380,0.78,"1,692.09","1,224.20",82.711,11.3,27.38,26.6
2013-07-19,27.56,169762168,0.83,"1,691.65","1,213.30",81.764,10.97,27.7,26.87
2013-07-26,27.82,132835454,0.82,"1,709.67","1,278.10",81.978,10.99,27.99,27.17
2013-08-02,27.82,175709338,1.4,"1,691.42","1,293.20",81.17,10.64,28.83,27.43
2013-08-09,27.67,102787493,0.42,"1,655.83","1,321.40",81.293,10.26,27.9,27.48
2013-08-16,26.88,118958448,1.09,"1,663.50","1,310.30",81.392,10.28,27.89,26.8
2013-08-23,26.85,111602332,0.63,"1,632.97","1,312.30",82.142,9.95,27.24,26.61
2013-08-30,26.72,125803472,0.69,"1,655.17","1,371.00",82.167,10.17,26.99,26.3
2013-09-06,26.79,92208260,0.65,"1,687.99","1,395.60",81.448,10.42,27.04,26.39
2013-09-13,27.01,116230206,0.62,"1,709.91","1,395.90",80.549,10.69,27.24,26.62
2013-09-20,27.44,149696996,0.66,"1,691.75","1,386.30",80.377,10.73,27.73,27.07
2013-09-27,27.36,123928978,0.65,"1,690.50","1,308.40",80.22,10.97,27.51,26.86
2013-10-04,27.47,114598206,0.49,"1,703.20","1,332.50",80.452,11.06,27.51,27.02
2013-10-11,27.21,124885492,0.87,"1,744.50","1,339.20",79.727,11.38,27.41,26.54
2013-10-18,28.9,165255412,2.07,"1,759.77","1,309.90",79.246,11.9,29.12,27.05
2013-10-25,29,131212104,0.58,"1,761.64","1,268.20",80.81,11.76,29.31,28.73
2013-11-01,29.53,140989224,0.85,"1,770.61","1,314.60",81.387,11.98,29.7,28.85
2013-11-08,29.67,112927102,0.63,"1,798.18","1,352.50",80.898,12.36,29.74,29.11
2013-11-15,30.5,121232870,1.03,"1,804.76","1,313.60",80.742,13.2,30.51,29.48
2013-11-22,30.43,122529008,0.52,"1,805.81","1,285.10",80.657,13.1,30.47,29.95
2013-11-29,30.06,77567101,0.76,"1,805.09","1,287.80",80.315,12.96,30.79,30.03
2013-12-06,29.88,119262962,0.87,"1,775.32","1,244.30",80.22,12.85,30.24,29.37
2013-12-13,28.66,134174160,1.65,"1,818.32","1,250.40",80.75,13.32,30.02,28.37
2013-12-20,28.66,186757742,0.95,"1,841.40","1,229.00",80.538,13.31,29.38,28.43
2013-12-27,29.03,57998378,0.65,"1,831.37","1,234.60",80.955,13.26,29.23,28.58
2014-01-03,28.91,62446328,0.48,"1,842.37","1,203.70",80.754,13.31,29.21,28.73
2014-01-10,29.07,111428115,0.59,"1,838.70","1,214.00",81.362,13.24,29.48,28.89
2014-01-17,29.45,126002200,0.93,"1,790.29","1,239.00",80.541,12.53,29.77,28.84
2014-01-24,28.51,107681009,1.28,"1,782.59","1,247.30",81.403,12.72,29.76,28.48
2014-01-31,28.8,169965058,1.13,"1,797.02","1,252.10",80.758,12.51,29.23,28.1
2014-02-07,29.58,197276990,1.35,"1,838.63","1,264.40",80.179,12.91,30.31,28.96
2014-02-14,30.26,106426374,0.82,"1,836.25","1,239.80",80.27,12.98,30.31,29.49
2014-02-21,29.8,88364267,0.79,"1,859.45","1,262.90",79.72,12.8,30.4,29.61
2014-02-28,30.42,141279127,0.83,"1,878.04","1,318.60",79.722,13.6,30.7,29.87
2014-03-07,30.72,110749219,1.36,"1,841.13","1,323.60",79.438,13.11,31.22,29.86
2014-03-14,29.59,145651258,1.69,"1,866.52","1,321.70",80.261,12.51,30.9,29.21
2014-03-21,30.49,152842989,1.17,"1,857.62","1,338.60",80.335,12.24,30.78,29.61
2014-03-28,30.2,144239639,1.09,"1,865.09","1,379.20",80.571,12.1,30.77,29.68
2014-04-04,30.47,108239139,0.89,"1,815.69","1,336.00",79.523,11.59,30.97,30.08
2014-04-11,28.29,199108110,1.78,"1,864.85","1,294.30",79.903,11.67,30.04,28.26
2014-04-18,28.66,114957368,0.78,"1,863.40","1,303.50",79.818,12.02,28.8,28.02
2014-04-25,29.13,120438431,0.99,"1,881.14","1,319.00",79.563,12.28,29.6,28.61
2014-05-02,29.13,230831882,1.71,"1,878.48","1,293.90",79.961,12.12,30.65,28.94
2014-05-09,27.5,233775391,1.42,"1,877.86","1,300.80",80.107,12.02,28.68,27.26
2014-05-16,27.59,137269025,0.6,"1,900.53","1,303.10",80.45,12.15,27.99,27.39
2014-05-23,27.94,127697276,0.69,"1,923.57","1,287.80",80.404,12.63,28.35,27.66
2014-05-30,28.07,105010248,0.45,"1,949.44","1,293.50",80.427,12.54,28.41,27.96
2014-06-06,27.87,113785463,0.51,"1,936.16","1,291.80",80.656,12.24,28.3,27.79
2014-06-13,27.97,105093355,0.38,"1,962.87","1,246.00",80.441,12.59,28.04,27.66
2014-06-20,28.21,114261287,0.56,"1,960.96","1,252.50",80.086,12.75,28.34,27.78
2014-06-27,28.11,130205977,0.67,"1,985.44","1,274.10",80.281,13.31,28.28,27.61
2014-07-04,28.92,79521064,1,"1,967.57","1,316.60",80.229,13.04,29.03,28.03
2014-07-11,28.49,99188180,1,"1,978.22","1,320.10",80.595,13.66,29.02,28.02
2014-07-18,29.11,143865588,1.14,"1,978.34","1,321.10",81.125,14.12,29.66,28.52
2014-07-25,28.6,91964738,0.59,"1,925.15","1,337.40",81.377,13.99,29.09,28.5
2014-08-01,27.34,168900512,1.7,"1,931.59","1,338.00",81.454,13.88,28.88,27.18
2014-08-08,26.85,135837428,1.03,"1,955.06","1,310.00",81.469,14.04,27.43,26.4
2014-08-15,27.13,101675999,0.83,"1,988.40","1,304.00",82.377,14.26,27.38,26.55
2014-08-22,27.4,97574216,0.32,"2,003.37","1,294.10",82.783,14.49,27.5,27.18
2014-08-29,27.84,94689399,0.72,"2,007.71","1,310.10",83.757,14.37,28.11,27.39
2014-09-05,28.09,81781667,0.48,"1,985.54","1,305.40",84.24,14.62,28.1,27.62
2014-09-12,27.88,92570367,0.61,"2,010.40","1,279.30",84.865,14.63,28.09,27.48
2014-09-19,28.8,131588644,1.39,"1,982.85","1,287.20",85.767,14.13,29.22,27.83
2014-09-26,28.15,122534405,0.9,"1,967.90","1,266.90",86.823,14.25,28.85,27.95
2014-10-03,27.68,133809193,1.04,"1,906.13","1,230.90",86.031,13.79,28.41,27.37
2014-10-10,27.6,125626427,0.88,"1,886.76","1,216.00",85.213,13.39,27.92,27.04
2014-10-17,26.36,168909400,1.69,"1,964.58","1,214.80",85.818,13.63,27.75,26.06
2014-10-24,27.58,165397569,1.58,"2,018.05","1,192.90",87.016,14.42,27.73,26.15
2014-10-31,28.37,128985272,1.27,"2,031.92","1,221.70",87.726,14.63,28.61,27.34
2014-11-07,28.34,99714673,0.62,"2,039.82","1,239.00",87.593,14.59,28.81,28.19
2014-11-14,28.74,94525711,0.77,"2,063.50","1,231.80",88.405,14.7,29.01,28.24
2014-11-21,28.85,106425995,0.85,"2,067.56","1,172.00",88.413,14.97,29.16,28.31
2014-11-28,29.51,106015315,1.44,"2,075.37","1,170.20",89.36,15.23,29.97,28.53
2014-12-05,30.31,124000182,1.21,"2,002.33","1,185.90",88.345,15.37,30.46,29.25
2014-12-12,29.32,137348290,2.14,"2,070.65","1,198.00",89.841,16.23,31.37,29.23
2014-12-19,30.26,160944024,1.43,"2,088.77","1,175.50",90.31,16.23,30.4,28.97
2014-12-26,29.98,72620965,1.38,"2,058.20","1,190.40",91.383,15.95,30.53,29.15
2015-01-02,29.68,54171442,0.61,"2,044.81","1,222.50",92.147,16.17,30.11,29.5
2015-01-09,30.93,142083881,1.6,"2,019.42","1,196.00",92.89,15.43,30.98,29.38
2015-01-16,31.07,137870340,1.05,"2,051.82","1,195.30",95.053,15.52,31.48,30.43
2015-01-23,30.74,131162085,1.38,"1,994.99","1,186.60",94.998,15.2,31.74,30.36
2015-01-30,29.6,171655457,2.03,"2,055.47","1,216.50",94.851,16.41,31.59,29.56
2015-02-06,31.42,187408767,2.27,"2,096.99","1,277.40",94.279,16.49,31.66,29.39
2015-02-13,32.82,196500178,2.01,"2,110.30","1,293.20",94.34,16.98,33.13,31.12
2015-02-20,32.74,97437426,0.71,"2,104.50","1,279.20",95.321,16.72,33.01,32.3
2015-02-27,32.51,124003807,0.82,"2,071.26","1,234.60",97.604,16.73,32.96,32.14
2015-03-06,32.18,128160661,1.08,"2,053.40","1,227.10",100.314,16.75,33.05,31.97
2015-03-13,32.21,151320471,0.52,"2,108.10","1,204.90",98.171,16.81,32.38,31.86
2015-03-20,32.45,162406961,0.77,"2,061.02","1,213.50",97.52,16.57,32.74,31.97
2015-03-27,32.71,160838655,1.42,"2,066.96","1,164.80",96.801,16.7,33.58,32.16
2015-04-03,32.57,109373136,1.06,"2,102.06","1,152.80",99.596,16.86,33.37,32.31
2015-04-10,33.57,112422988,1.17,"2,081.18","1,185.00",97.707,16.22,33.6,32.43
2015-04-17,33.19,128155632,0.71,"2,117.69","1,200.30",97.099,16.19,33.66,32.95
2015-04-24,33.41,104524064,0.57,"2,108.29","1,200.90",95.445,16.35,33.54,32.97
2015-05-01,32.29,175449949,1.66,"2,116.10","1,204.60",94.904,16.85,33.59,31.93
2015-05-08,32.23,114719691,1.23,"2,122.73","1,203.10",93.18,17.06,32.69,31.46
2015-05-15,32.2,102902521,0.75,"2,126.06","1,175.00",96.11,17.54,32.46,31.71
2015-05-22,32.47,91875287,0.61,"2,107.39","1,175.00",96.986,17.25,32.67,32.06
2015-05-29,32.92,106804187,0.91,"2,092.83","1,189.40",96.361,16.84,33.15,32.24
2015-06-05,32.29,107145799,0.94,"2,094.11","1,225.80",94.987,16.91,33.08,32.14
2015-06-12,32.41,106389696,0.64,"2,109.99","1,204.40",94.272,16.79,32.75,32.11
2015-06-19,32.38,115934955,0.66,"2,101.49","1,189.80",95.651,16.57,32.69,32.03
2015-06-26,32.13,114267409,0.68,"2,076.78","1,168.10",96.29,16.38,32.77,32.09
2015-07-03,31.61,114703154,1.06,"2,076.62","1,179.20",96.172,16.83,32.63,31.57
2015-07-10,32.55,110310159,1.29,"2,126.64","1,201.90",97.989,17.28,32.63,31.34
2015-07-17,33.22,88276048,0.68,"2,079.65","1,173.20",97.346,17.3,33.35,32.67
2015-07-24,32.46,84154880,1.16,"2,103.84","1,164.10",97.439,17.01,33.51,32.35
2015-07-31,34.16,163843406,2.44,"2,077.57","1,157.90",97.619,17.64,34.54,32.1
2015-08-07,33.34,106200956,1.36,"2,091.54","1,158.40",96.533,18.09,34.39,33.03
2015-08-14,33.46,100446007,0.86,"1,970.89","1,132.20",95.005,17.18,33.74,32.88
2015-08-21,31.77,97313890,1.96,"1,988.87","1,085.70",96.135,17.16,33.73,31.77
2015-08-28,30.94,210285902,4.88,"1,921.22","1,094.70",96.24,16.77,31.85,26.97
2015-09-04,29.72,146733443,1.51,"1,961.05","1,093.80",95.194,17.25,31,29.49
2015-09-11,31.23,101060490,1.15,"1,958.03","1,112.40",94.996,16.82,31.3,30.15
2015-09-18,31.12,120002535,1.31,"1,931.34","1,159.20",96.434,17.83,32.17,30.86
2015-09-25,30.21,139104705,1.59,"1,951.36","1,133.70",95.967,17.54,31.57,29.98
2015-10-02,31.34,177380978,2.34,"2,014.89","1,121.10",94.883,17.7,31.37,29.03
2015-10-09,31.49,148696002,1.45,"2,033.11","1,103.30",94.588,18.32,32.1,30.65
2015-10-16,32.6,97599887,1.54,"2,075.15","1,138.00",97.243,19.57,32.63,31.09
2015-10-23,32.26,135366699,1.7,"2,079.36","1,145.60",97.019,19.3,32.86,31.16
2015-10-30,32.04,227379304,2.22,"2,099.20","1,136.60",99.26,19.41,34.17,31.95
2015-11-06,32.14,151655836,1.81,"2,023.04","1,155.90",99.097,18.86,33.39,31.58
2015-11-13,31.52,104551000,1.02,"2,089.17","1,183.10",99.624,19.99,32.41,31.39
2015-11-20,30.49,246596573,1.43,"2,090.11","1,162.80",100.073,19.62,31.7,30.27
2015-11-27,31.06,304168392,2.13,"2,091.69","1,141.80",98.343,19.65,31.49,29.36
2015-12-04,31.07,203001983,1.39,"2,012.37","1,088.10",97.551,18.29,32.05,30.66
2015-12-11,30.37,179324660,0.86,"2,005.55","1,081.20",98.731,18.64,31.15,30.29
2015-12-18,30.31,234853001,0.93,"2,060.99","1,076.30",98.016,19.33,31.09,30.16
2015-12-25,30.9,85025136,0.7,"2,043.94","1,056.20",98.745,19.39,31.02,30.32
2016-01-01,30.58,80807309,0.61,"1,922.03","1,084.10",98.599,18.6,31.18,30.57
2016-01-08,29.37,160716529,1.26,"1,880.33","1,075.70",99.02,18.83,30.55,29.29
2016-01-15,29.19,203328335,1.23,"1,906.90","1,065.00",99.651,19.24,29.84,28.61
2016-01-22,29.09,150200999,1.12,"1,940.24","1,075.90",99.652,20.67,29.6,28.48
2016-01-29,28.88,188753107,1.35,"1,880.05","1,060.50",97.054,19.8,29.38,28.03
2016-02-05,27.5,236494572,1.57,"1,864.78","1,098.10",95.982,20.44,28.8,27.23
2016-02-12,27.81,221531235,1.57,"1,917.78","1,090.70",96.604,20.98,28.33,26.76
2016-02-19,27.94,159590125,0.85,"1,948.05","1,096.00",98.175,21.28,28.49,27.64
2016-02-26,28.64,197883981,1.3,"1,999.99","1,116.40",97.343,21.65,29.27,27.97
2016-03-04,28.15,174552673,0.62,"2,022.19","1,157.70",96.172,21.99,28.59,27.97
2016-03-11,28.89,260391904,1.11,"2,049.58","1,239.40",95.12,21.5,28.89,27.78
2016-03-18,27.9,287559921,1.51,"2,035.94","1,230.80",96.173,21.34,28.74,27.23
2016-03-25,28.5,148630445,1.11,"2,072.78","1,220.70",94.618,22.03,29,27.89
2016-04-01,28.46,203008776,0.77,"2,047.60","1,271.10",94.252,21.22,28.63,27.86
2016-04-08,30.79,600269172,2.86,"2,080.73","1,259.90",94.686,21.48,31.34,28.48
2016-04-15,30.79,229782630,0.93,"2,091.58","1,254.80",95.08,21.33,31.06,30.13
2016-04-22,31.52,160821887,1.15,"2,065.30","1,222.20",93.054,20.57,31.74,30.59
2016-04-29,30.99,146342561,0.85,"2,057.14","1,223.50",93.883,21.34,31.57,30.72
2016-05-06,31.81,192603219,1.39,"2,046.61","1,243.80",94.593,21.23,32.18,30.79
2016-05-13,31.44,132552673,0.98,"2,052.32","1,234.60",95.343,21.21,32.17,31.19
2016-05-20,31.96,134706794,1.03,"2,099.06","1,230.00",95.5,21.89,32.11,31.08
2016-05-27,32.79,118988631,1.04,"2,099.13","1,291.50",94.028,21.69,32.92,31.88
2016-06-03,32.86,112990084,0.58,"2,096.07","1,295.10",94.561,21.86,33.15,32.57
2016-06-10,33.43,111092459,0.83,"2,071.22","1,273.80",94.34,21.29,33.63,32.8
2016-06-17,32.42,137609612,1.08,"2,037.41","1,254.40",95.574,21,33.34,32.26
2016-06-24,32.18,140928137,1.15,"2,102.95","1,216.70",95.714,21.59,33.11,31.96
2016-07-01,33.7,124815018,2.01,"2,129.90","1,242.90",96.327,21.96,33.77,31.76
2016-07-08,34.22,82571270,0.76,"2,161.74","1,275.90",96.563,22.5,34.28,33.52
2016-07-15,34.83,99320152,1.1,"2,175.03","1,294.80",97.516,22.6,35.23,34.13
2016-07-22,34.81,72594043,0.44,"2,173.60","1,322.40",95.491,23.59,35.04,34.6
2016-07-29,34.95,77113418,0.42,"2,182.87","1,340.40",96.136,23.73,35,34.58
2016-08-05,33.57,156444439,2.21,"2,184.05","1,360.50",95.682,23.38,35.42,33.21
2016-08-12,33.14,90206862,0.56,"2,183.87","1,329.30",94.483,23.48,33.44,32.88
2016-08-19,33.14,80219984,0.58,"2,169.04","1,325.30",95.542,23.5,33.5,32.92
2016-08-26,32.99,102405094,0.69,"2,179.98","1,353.10",95.844,23.89,33.52,32.83
2016-09-02,32.94,80769432,0.54,"2,127.81","1,339.50",95.328,22.99,33.33,32.79
2016-09-09,32.3,72398380,0.86,"2,139.16","1,338.90",96.105,23.16,33.15,32.29
2016-09-16,32.15,105552708,1.12,"2,164.69","1,342.20",95.392,23.15,32.9,31.78
2016-09-23,32.46,76883190,0.8,"2,168.27","1,322.60",95.385,22.51,32.62,31.82
2016-09-30,32.09,113077800,0.73,"2,153.74","1,324.90",96.654,22.34,32.28,31.55
2016-10-07,31.79,83510555,0.59,"2,132.98","1,332.10",97.997,22.41,32.21,31.62
2016-10-14,30.94,88603936,1.25,"2,141.16","1,307.80",98.686,22.06,32.06,30.81
2016-10-21,30.49,86235109,0.65,"2,126.41","1,339.30",98.342,21.36,31.14,30.49
2016-10-28,30.25,102785342,0.88,"2,085.18","1,317.10",97.088,21.56,31.08,30.2
2016-11-04,28.42,197719954,2.09,"2,164.45","1,251.90",99.05,22.15,30.35,28.26
2016-11-11,30.87,288152191,3.67,"2,181.90","1,255.50",101.283,21.95,32.05,28.38
2016-11-18,29.82,133067289,1.39,"2,213.35","1,267.70",101.546,21.9,31.17,29.78
2016-11-25,30.02,80030921,1.29,"2,191.95","1,278.60",100.861,21.29,30.31,29.02
2016-12-02,29.96,127509141,0.95,"2,259.53","1,306.50",101.62,22.87,30.66,29.71
2016-12-09,30.03,145894850,1.34,"2,258.07","1,225.60",102.954,22.69,30.24,28.9
2016-12-16,31.11,155824395,1.56,"2,263.79","1,210.10",103.002,22.39,31.55,29.99
2016-12-23,30.77,98160950,0.87,"2,238.83","1,179.60",102.286,22.37,31.23,30.36
2016-12-30,30.77,58092792,0.39,"2,276.98","1,177.80",102.209,22.82,31,30.61
2017-01-06,31.72,81256756,1.06,"2,274.64","1,161.90",101.188,22.57,31.93,30.87
2017-01-13,30.81,132340378,1.3,"2,271.31","1,137.40",100.69,22.45,31.9,30.6
2017-01-20,30.1,109873876,0.8,"2,294.69","1,133.60",100.526,22.79,30.67,29.87
2017-01-27,29.77,137788195,0.87,"2,297.42","1,152.90",99.842,23.45,30.14,29.27
2017-02-03,30.4,152751185,1.23,"2,316.10","1,151.70",100.791,23.26,30.54,29.31
2017-02-10,30.65,112928161,0.59,"2,351.16","1,174.80",100.951,23.84,30.83,30.24
2017-02-17,31.85,162481773,1.46,"2,367.34","1,173.40",101.09,23.82,32.11,30.65
2017-02-24,32.46,106485920,1.04,"2,383.12","1,197.50",101.548,23.7,32.54,31.5
2017-03-03,32.7,126006140,0.8,"2,372.60","1,206.00",101.247,23.65,32.92,32.12
2017-03-10,32.31,108387933,0.71,"2,378.25","1,189.80",100.115,23.63,32.65,31.94
2017-03-17,32.51,120792894,0.75,"2,343.98","1,220.80",99.442,23.28,32.87,32.12
2017-03-24,32.21,122398180,0.64,"2,362.72","1,235.90",100.218,23.15,32.79,32.15
2017-03-31,32.41,87109553,0.68,"2,355.54","1,239.10",101.117,23.07,32.64,31.96
2017-04-07,32.3,86909363,0.45,"2,328.95","1,258.30",100.463,22.7,32.7,32.25
2017-04-14,32.1,72667453,0.48,"2,348.69","1,228.10",99.88,23.3,32.41,31.93
2017-04-21,31.87,102800809,0.55,"2,384.20","1,203.00",98.898,22.96,32.26,31.71
2017-04-28,32.13,90658215,0.36,"2,399.29","1,231.70",98.528,22.64,32.24,31.88
2017-05-05,31.72,135603742,1.05,"2,390.90","1,250.10",99.131,22.52,32.2,31.15
2017-05-12,31.27,116362573,0.73,"2,381.73","1,251.20",97.03,22.48,31.85,31.12
2017-05-19,30.75,140016740,1.05,"2,415.82","1,257.30",97.364,22.53,31.43,30.38
2017-05-26,30.45,94398908,0.5,"2,439.07","1,288.50",96.67,22.5,30.79,30.29
2017-06-02,30.83,89817952,0.82,"2,431.77","1,289.10",97.239,23.51,31.15,30.33
2017-06-09,31.04,112605507,1.07,"2,433.15","1,270.00",97.146,23.72,31.07,30
2017-06-16,31.23,110671131,0.64,"2,438.30","1,228.50",96.942,23.29,31.39,30.75
2017-06-23,32.37,124810645,1.48,"2,423.41","1,229.30",95.421,23.83,32.66,31.18
2017-06-30,31.82,72663312,0.8,"2,425.18","1,255.20",95.792,23.88,32.41,31.61
2017-07-07,31.59,55629492,0.9,"2,459.27","1,269.70",94.93,23.69,32.18,31.28
2017-07-14,31.67,65460587,0.53,"2,472.54","1,280.20",93.679,24.25,31.78,31.25
2017-07-21,31.72,78791506,0.63,"2,472.10","1,271.40",93.114,24.79,31.93,31.3
2017-07-28,31.4,83171391,0.75,"2,476.83","1,256.50",93.416,25.04,31.72,30.97
2017-08-04,31.87,130291131,1.23,"2,441.32","1,256.40",92.956,25.17,32.21,30.98
2017-08-11,31.5,74554710,0.41,"2,425.55","1,244.10",93.359,24.97,31.82,31.41
2017-08-18,30.95,70822323,0.83,"2,443.05","1,211.40",92.677,25.25,31.76,30.93
2017-08-25,31.63,72417838,1.23,"2,476.55","1,229.10",92.769,25.12,31.85,30.62
2017-09-01,32.17,80429405,0.84,"2,461.43","1,256.00",91.326,24.78,32.33,31.49
2017-09-08,32.3,60818389,0.48,"2,500.23","1,271.90",91.863,24.92,32.45,31.97
2017-09-15,33.5,130915487,1.76,"2,502.22","1,261.30",91.967,25.47,33.95,32.19
2017-09-22,34.07,88643706,0.94,"2,519.36","1,290.70",92.883,25.86,34.3,33.36
2017-09-29,33.82,88516041,0.79,"2,549.33","1,288.30",93.641,24.63,34.13,33.34
2017-10-06,34.15,66752054,0.71,"2,553.17","1,294.50",92.935,24.78,34.33,33.62
2017-10-13,34.43,71487785,0.63,"2,575.21","1,328.50",93.579,24.31,34.67,34.04
2017-10-20,34.5,79310911,0.69,"2,581.07","1,349.10",94.822,24.11,34.56,33.87
2017-10-27,33.73,79173401,1.3,"2,587.84","1,322.90",94.858,24.13,34.84,33.54
2017-11-03,33.68,86593565,1.54,"2,582.30","1,294.90",94.278,24.52,33.85,32.31
2017-11-10,33.33,63501777,0.77,"2,578.85","1,284.80",93.575,25.32,33.73,32.96
2017-11-17,33.51,80903681,0.53,"2,602.42","1,274.90",92.707,25.75,33.82,33.29
2017-11-24,33.62,41417825,0.44,"2,642.22","1,304.60",92.841,26.42,33.85,33.41
2017-12-01,34.44,79991104,1.06,"2,651.50","1,280.50",93.874,26.26,34.58,33.52
2017-12-08,33.86,84495563,1.39,"2,675.81","1,271.80",93.929,25.84,34.69,33.3
2017-12-15,35.24,105202963,1.45,"2,683.34","1,270.80",92.924,25.36,35.26,33.81
2017-12-22,34.24,69291455,1.23,"2,673.61","1,275.90",91.826,25.61,35.38,34.15
2017-12-29,34.31,37217429,0.55,"2,743.15","1,298.20",91.673,26.4,34.61,34.06
2018-01-05,34.92,54513238,0.65,"2,786.24","1,289.20",90.735,27.14,34.97,34.32
2018-01-12,34.62,86280546,0.46,"2,810.30","1,282.30",90.37,26.69,34.86,34.4
2018-01-19,34.99,101469871,0.85,"2,872.87","1,248.40",88.891,27.12,35.4,34.55
2018-01-26,36.96,122400950,2.41,"2,762.13","1,257.50",89.036,26.78,37.03,34.62
2018-02-02,34.68,167371373,2.76,"2,619.55","1,278.80",90.334,25.37,37.35,34.59
2018-02-09,32.36,213621755,3.32,"2,732.22","1,311.40",89.013,26.34,34.77,31.45
2018-02-16,34.35,128127028,2.49,"2,747.30","1,309.30",89.808,26.83,34.73,32.24
2018-02-23,34.35,90131053,0.93,"2,691.25","1,324.50",89.906,26.86,34.66,33.73
2018-03-02,34.06,123212170,1.98,"2,786.57","1,322.30",90.065,28.84,35.32,33.34
2018-03-09,34.83,99346000,1.3,"2,752.01","1,337.20",90.212,27.99,34.98,33.68
2018-03-16,34.84,127271758,0.82,"2,588.26","1,335.30",89.033,26.91,35.09,34.27
2018-03-23,32.67,105172074,2.23,"2,640.87","1,354.40",89.812,28.74,34.86,32.63
2018-03-30,33.62,99540883,1.41,"2,604.47","1,337.30",89.782,28.4,33.92,32.51
2018-04-06,33.32,113616512,1.39,"2,656.30","1,315.70",89.503,28.64,34.32,32.93
2018-04-13,34.41,91923623,1.21,"2,670.14","1,356.20",90.075,29.14,34.58,33.37
2018-04-20,34.7,82797909,0.49,"2,669.91","1,330.30",91.343,29.6,34.85,34.36
2018-04-27,35.05,109154149,0.71,"2,663.42","1,325.90",92.408,29.23,35.3,34.59
2018-05-04,33.01,144628164,2.66,"2,727.72","1,326.70",92.411,30.18,35.22,32.56
2018-05-11,33.63,116514651,0.81,"2,712.97","1,314.80",93.544,30.02,33.69,32.88
2018-05-18,33.76,86771874,0.47,"2,721.33","1,352.40",94.13,30.93,34.03,33.56
2018-05-25,33.8,80803851,0.54,"2,734.62","1,327.30",94.169,30.7,34.19,33.65
2018-06-01,34.34,75543589,0.91,"2,779.03","1,336.10",93.537,31.71,34.37,33.46
2018-06-08,34.74,88611580,0.49,"2,779.66","1,347.90",94.782,31.64,34.77,34.28
2018-06-15,34.45,114822652,0.72,"2,754.88","1,338.30",94.18,31.2,34.86,34.14
2018-06-22,34.59,103345672,0.86,"2,718.37","1,326.50",94.349,30.42,34.71,33.85
2018-06-29,34.37,106995709,0.45,"2,759.82","1,317.70",93.769,30.04,34.66,34.21
2018-07-06,35.16,64820787,1.18,"2,801.31","1,323.80",94.5,31.04,35.28,34.1
2018-07-13,35.55,87847078,0.55,"2,801.83","1,294.10",94.226,31.67,35.61,35.06
2018-07-20,35.36,82183222,0.61,"2,818.82","1,306.40",94.46,31.89,35.78,35.17
2018-07-27,36.39,97529824,1.27,"2,840.35","1,299.30",94.961,30.5,36.45,35.18
2018-08-03,38.4,156357945,2.39,"2,833.28","1,302.70",96.218,30.71,38.52,36.13
2018-08-10,38.77,104896633,1.24,"2,850.13","1,278.50",95.981,31.01,39.45,38.21
2018-08-17,39.87,96768542,1.57,"2,874.69","1,270.70",95.063,31.58,39.97,38.4
2018-08-24,40.17,93785778,0.91,"2,901.52","1,257.30",95.083,31.81,40.52,39.61
2018-08-31,39.33,92165085,1.45,"2,871.68","1,258.90",95.329,31.05,40.38,38.93
2018-09-07,39.98,72744952,1.07,"2,904.98","1,243.80",94.925,30.24,40.12,39.05
2018-09-14,40.7,89294096,1,"2,929.67","1,233.60",93.798,30.18,40.74,39.74
2018-09-21,41.74,110687795,1.38,"2,913.98","1,226.50",94.737,28.6,41.87,40.49
2018-09-28,41.75,77927191,0.77,"2,885.57","1,218.10",95.305,28.51,42.11,41.34
2018-10-05,42.54,91148913,1.03,"2,767.13","1,214.20",94.911,26.67,42.63,41.6
2018-10-12,41.47,146706962,3.23,"2,767.78","1,179.80",95.443,26.91,43.4,40.17
2018-10-19,42.16,105857628,1.75,"2,658.69","1,208.60",96.128,27.84,42.47,40.72
2018-10-26,40.36,139395795,2.7,"2,723.06","1,204.10",96.343,29,42.17,39.47
2018-11-02,40.67,136590277,1.95,"2,781.01","1,197.80",96.734,30.13,41.53,39.58
2018-11-09,41.95,125575952,1.82,"2,736.27","1,198.60",96.333,29.58,42.26,40.44
2018-11-16,41.22,114755802,2.09,"2,632.56","1,198.60",96.825,29.29,42.2,40.11
2018-11-23,40.87,71299803,1.53,"2,760.17","1,196.20",97.196,30.44,42.05,40.52
2018-11-30,43.8,124218581,3.2,"2,633.08","1,205.60",96.476,29.12,43.82,40.62
2018-12-07,41.61,109701119,2.7,"2,599.95","1,222.00",97.43,28.85,44.02,41.32
2018-12-14,41.49,120410591,1.74,"2,416.62","1,228.70",96.455,26.5,42.54,40.8
2018-12-21,39.72,192731420,2.38,"2,485.74","1,235.80",95.965,26.84,41.65,39.27
2018-12-28,40.7,94488634,2.95,"2,531.94","1,237.00",95.75,27.32,41.24,38.29
2019-01-04,40.74,97356005,1.69,"2,596.26","1,212.60",95.266,26.9,41.43,39.74
2019-01-11,40.62,115347222,1.58,"2,670.71","1,226.40",95.993,27.71,41.4,39.82
2019-01-18,40.29,129445581,1.33,"2,664.76","1,226.60",95.465,28.56,40.96,39.63
2019-01-25,38.5,117807034,2.07,"2,706.53","1,226.00",95.3,29.13,40.44,38.37
2019-02-01,40.62,184954022,3.46,"2,707.88","1,252.60",96.416,29.02,40.85,37.39
2019-02-08,40.01,103181389,1.54,"2,775.60","1,241.40",96.74,29.25,40.58,39.04
2019-02-15,40.17,115212014,1.06,"2,792.67","1,258.10",96.367,29.68,40.27,39.21
2019-02-22,40.7,91251783,1.19,"2,803.69","1,286.10",96.45,30.66,40.85,39.66
2019-03-01,41.08,117617665,0.93,"2,743.07","1,289.20",97.269,27.81,41.48,40.55
2019-03-08,38.74,125330737,3.07,"2,822.48","1,292.90",96.59,27.85,41.29,38.22
2019-03-15,39.58,174512016,1.26,"2,800.71","1,284.80",96.151,27.96,39.91,38.65
2019-03-22,39.65,107001268,0.93,"2,834.40","1,300.70",96.845,29.16,40.39,39.46
2019-03-29,40.23,93667454,0.97,"2,892.74","1,322.10",97.002,29.53,40.45,39.48
2019-04-05,40.73,79431602,0.74,"2,907.41","1,318.50",96.598,29.27,41,40.26
2019-04-12,39.51,84432231,1.61,"2,905.03","1,322.10",97.151,30,41,39.39
2019-04-19,37.31,131747269,3.67,"2,939.88","1,332.80",97.726,29.95,40.07,36.4
2019-04-26,37.86,111073282,1.11,"2,945.64","1,302.50",97.26,30.71,37.88,36.77
2019-05-03,39.21,111412501,1.81,"2,881.40","1,302.70",97.125,30.84,39.31,37.5
2019-05-10,38.58,108647132,1.8,"2,859.53","1,305.80",97.824,30.1,39.57,37.77
2019-05-17,39.29,135674291,1.73,"2,826.06","1,315.40",97.477,30.01,39.77,38.04
2019-05-24,39.74,113084549,0.97,"2,752.06","1,298.50",97.666,30.21,40.08,39.11
2019-05-31,39.33,110360906,1.13,"2,873.34","1,295.60",96.49,32.05,40.24,39.11
2019-06-07,40.66,101550059,1.59,"2,886.98","1,295.20",97.57,31.9,40.97,39.38
2019-06-14,40.51,74049447,0.89,"2,950.46","1,276.00",95.718,32.76,41.02,40.13
2019-06-21,41.37,114159336,1.67,"2,941.76","1,288.80",95.666,32.06,41.79,40.12
2019-06-28,41.04,147802598,1.7,"2,990.41","1,284.30",96.89,33.68,41.96,40.26
2019-07-05,41.61,63084186,1.16,"3,013.77","1,290.20",96.424,34.76,42.21,41.05
2019-07-12,40.17,119014819,1.98,"2,976.61","1,278.90",96.817,33.91,41.78,39.8
2019-07-19,40.52,88748077,0.91,"3,025.86","1,286.40",97.751,32.69,40.93,40.02
2019-07-26,40.82,84282681,0.81,"2,932.05","1,311.10",97.852,32.65,40.95,40.14
2019-08-02,36,282150560,5.04,"2,918.65","1,346.10",97.322,32.85,40.74,35.7
2019-08-09,34.44,150646287,1.87,"2,888.68","1,344.50",98.007,32.51,35.84,33.97
2019-08-16,32.83,176825301,2.23,"2,847.11","1,400.10",97.53,32.51,34.41,32.18
2019-08-23,32.53,100419044,1.12,"2,926.46","1,416.70",98.86,33.28,33.49,32.37
2019-08-30,33.68,101260887,1.44,"2,978.71","1,403.40",98.362,34.75,33.91,32.47
2019-09-06,34.58,85639972,1,"3,007.39","1,415.90",98.255,33.17,34.64,33.64
2019-09-13,34.97,108805876,1.65,"2,992.07","1,430.10",98.136,33.56,35.77,34.12
2019-09-20,34.76,119600744,0.94,"2,961.79","1,423.50",98.761,33.36,35.29,34.35
2019-09-27,34.31,91607640,0.97,"2,952.01","1,451.60",98.488,33.08,34.66,33.69
2019-10-04,34.04,96930052,1.62,"2,970.27","1,502.00",98.005,33.1,34.4,32.78
2019-10-11,34.21,67411344,1.1,"2,986.20","1,517.50",97.008,32.87,34.65,33.55
2019-10-18,34.54,64611823,0.78,"3,022.55","1,531.40",97.599,32.81,34.87,34.09
2019-10-25,34.83,75322363,0.63,"3,066.91","1,526.20",97.041,33.08,34.94,34.31
2019-11-01,36.37,117490388,2.01,"3,093.08","1,512.40",98.201,33.55,36.89,34.88
2019-11-08,35.1,80498432,1.81,"3,120.46","1,496.80",97.871,34.53,36.7,34.89
2019-11-15,35.32,107632135,1.11,"3,110.29","1,512.00",98.176,34.79,35.5,34.39
2019-11-22,36.31,105318243,1.38,"3,140.98","1,506.40",98.202,34.93,36.39,35.01
2019-11-29,36.49,90334026,0.78,"3,145.91","1,512.90",97.661,35.08,36.83,36.05
2019-12-06,36.27,73087314,0.96,"3,168.80","1,488.70",97.171,34.83,36.76,35.8
2019-12-13,36.31,76484041,0.57,"3,221.22","1,494.10",97.274,35.87,36.64,36.07
2019-12-20,37.16,153966996,0.86,"3,240.02","1,505.30",96.546,36,37.46,36.6
2019-12-27,37.25,39988400,0.46,"3,234.85","1,514.90",96.521,36.09,37.53,37.07
2020-01-03,36.88,55191257,0.71,"3,265.35","1,466.40",97.078,35.61,37.34,36.63
2020-01-10,37.41,90934402,0.9,"3,329.62","1,472.00",97.359,36.44,37.54,36.64
2020-01-17,38.38,94439677,1.58,"3,295.47","1,467.30",97.65,36.74,38.72,37.14
2020-01-24,37.72,97254635,1.26,"3,225.52","1,472.70",97.213,38.82,38.81,37.55
2020-01-31,35.28,192178830,3.54,"3,327.71","1,465.10",98.571,38.11,38.3,34.76
2020-02-07,36.05,118047609,1.2,"3,380.16","1,481.20",99.003,38.73,36.54,35.34
2020-02-14,34.59,96846774,1.71,"3,337.75","1,480.90",99.188,38.39,36.21,34.5
2020-02-21,33.84,105434699,1.19,"2,954.22","1,518.10",98.081,34.18,34.74,33.55
2020-02-28,31.66,236517164,3.01,"2,972.37","1,555.50",95.934,36.83,33.83,30.82
2020-03-06,33.18,192550835,2.86,"2,711.02","1,563.60",98.764,32.02,34.54,31.68
2020-03-13,30.99,258451170,4.44,"2,304.92","1,563.60",103.502,26.83,32.86,28.42
2020-03-20,27.48,248017487,3.54,"2,541.47","1,575.20",98.537,30.93,30.93,27.39
2020-03-27,29.27,212041620,3.9,"2,488.65","1,587.90",100.677,31.74,30.31,26.41
2020-04-03,31.87,138659108,2.7,"2,789.82","1,573.40",99.504,35.97,32.11,29.41
2020-04-10,33.53,114770816,2.2,"2,874.56","1,586.40",99.836,37.08,33.88,31.68
2020-04-17,34.97,101034099,2.16,"2,836.74","1,648.80",100.434,35.21,35.05,32.89
2020-04-24,35.41,98896356,1.95,"2,830.71","1,569.30",99.1,35.54,35.46,33.51
2020-05-01,35.66,130654746,1.76,"2,929.80","1,674.30",99.769,35.86,37.15,35.39
2020-05-08,35.26,115286823,2.01,"2,863.70","1,518.20",100.434,37.36,36.96,34.95
2020-05-15,35.77,111361545,1.57,"2,955.45","1,486.50",99.888,38.45,36.23,34.66
2020-05-22,35.53,88285481,1.42,"3,044.31","1,641.30",98.341,39.49,36.43,35.01
2020-05-29,36.18,114162665,1.4,"3,193.93","1,645.70",96.922,39.97,36.42,35.02
2020-06-05,34.09,210730708,1.5,"3,041.31","1,752.80",97.305,38.38,34.57,33.07
2020-06-12,31.97,173145680,3.43,"3,097.74","1,698.80",97.577,39.61,34.73,31.3
2020-06-19,31.66,185560484,1.17,"3,009.05","1,735.60",97.404,38.61,32.17,31
2020-06-26,30.35,153143573,1.65,"3,130.01","1,704.40",97.301,40.02,31.6,29.95
2020-07-03,32.69,159565456,2.51,"3,185.04","1,719.30",96.614,40.96,33.01,30.5
2020-07-10,32.05,115159741,1.79,"3,224.73","1,761.50",95.889,42.81,33.15,31.36
2020-07-17,34.34,149436555,1.72,"3,215.63","1,744.30",94.38,43.52,34.42,32.7
2020-07-24,35.68,232142509,2.93,"3,271.12","1,751.70",93.321,43.77,37.34,34.41
2020-07-31,36.45,172528217,2.1,"3,351.28","1,683.00",93.412,44.29,37.37,35.27
2020-08-07,36.42,122494426,0.96,"3,372.85","1,737.30",93.085,43.08,37.04,36.08
2020-08-14,36.06,84913219,0.93,"3,397.16","1,753.00",93.24,43.31,36.62,35.69
2020-08-21,36.83,86769768,1,"3,508.01","1,780.30",92.379,43.95,36.95,35.95
2020-08-28,35.91,123628010,1.55,"3,426.96","1,795.80",92.719,43.43,36.98,35.43
2020-09-04,34.45,149992052,2.04,"3,340.97","1,801.90",93.32,41.9,36.02,33.98
2020-09-11,34.17,94864593,1.14,"3,319.47","1,808.60",92.952,40.82,34.72,33.58
2020-09-18,34.7,117081652,1.19,"3,298.46","1,816.00",94.682,41.34,35.56,34.37
2020-09-25,34.15,102148186,1.05,"3,348.44","1,902.50",93.909,41.18,34.56,33.51
2020-10-02,34.46,90309758,1.01,"3,477.13","1,973.90",93.065,41.69,35.14,34.13
2020-10-09,34.85,102768852,1.09,"3,483.81","2,018.00",93.679,42.96,35.22,34.13
2020-10-16,35.95,115913103,1.62,"3,465.39","1,942.30",92.765,43.04,36.11,34.49
2020-10-23,36.17,116795666,1.72,"3,269.96","1,938.30",94.042,40.33,36.8,35.08
2020-10-30,33.61,149607580,3.33,"3,509.44","1,970.80",92.225,44.4,36.11,32.78
2020-11-06,34.48,134473878,2.44,"3,585.15","1,930.60",92.75,41.94,36.11,33.67
2020-11-13,36.59,432986828,4.5,"3,557.54","1,943.30",92.395,42.11,39.78,35.28
2020-11-20,36.7,285983314,2.51,"3,638.35","1,957.50",91.801,42.37,37.42,34.91
2020-11-27,37.23,138391133,1.24,"3,699.12","1,862.20",90.694,41.77,37.26,36.02
2020-12-04,40.34,326372361,3.81,"3,663.46","1,907.60",90.97,41.89,41.41,37.6
2020-12-11,41.12,339897761,2.71,"3,709.41","1,926.20",89.953,42.87,43.08,40.37
2020-12-18,37.68,329623850,4.35,"3,703.06","1,906.40",90.25,42.87,41.66,37.31
2020-12-25,37.27,125967866,1.05,"3,756.07","1,905.20",89.894,44.25,37.65,36.6
2021-01-01,36.81,105832119,1.29,"3,824.68","1,883.50",90.068,46.27,37.58,36.29
2021-01-08,37.13,159709423,1.26,"3,768.25","1,955.30",90.754,46.68,37.53,36.27
2021-01-15,36.7,190745339,1.43,"3,841.47","1,890.70",90.212,46.81,37.83,36.4
2021-01-22,36.55,128986600,0.85,"3,714.24","1,875.70",90.569,45.09,37,36.15
2021-01-29,35.9,209726900,1.98,"3,886.83","1,788.10",91.032,47.53,37.6,35.62
2021-02-05,34.92,229016976,1.92,"3,934.83","1,840.00",90.47,47.33,36.19,34.27
2021-02-12,34.72,147307743,0.8,"3,906.71","1,843.60",90.363,48.14,35.08,34.28
2021-02-19,34.44,107429205,0.6,"3,811.15","1,888.90",90.882,46.1,35,34.4
2021-02-26,33.49,181601619,1.01,"3,841.94","1,883.20",91.99,48.23,34.37,33.36
2021-03-05,34.39,180137818,1.65,"3,943.34","1,897.30",91.678,48.14,35.09,33.44
2021-03-12,34.94,123921478,0.81,"3,913.10","1,837.30",91.925,48.58,35.14,34.33
2021-03-19,35.53,162567171,1.01,"3,974.54","1,831.70",92.775,50.24,35.97,34.96
2021-03-26,36.25,129101092,1.04,"4,019.87","1,857.90",93.051,50.28,36.29,35.25
2021-04-02,36.3,101210619,0.84,"4,128.80","1,850.30",92.16,52.03,36.74,35.9
2021-04-09,36.6,114569812,1.05,"4,185.47","1,813.00",91.544,53.39,36.81,35.76
2021-04-16,38.57,165530482,2.37,"4,180.17","1,823.20",90.839,54.16,38.7,36.33
2021-04-23,38.66,144492851,1.34,"4,181.17","1,777.40",91.27,53.85,39.67,38.33
2021-04-30,38.65,112780730,0.69,"4,232.60","1,730.10",90.216,54.85,39,38.31
2021-05-07,39.58,242541812,3.13,"4,173.85","1,700.30",90.318,54.79,41.09,37.96
2021-05-14,40.02,131073882,1.09,"4,155.86","1,721.20",90.005,54.62,40.32,39.23
2021-05-21,39.95,93875958,1.17,"4,204.11","1,742.90",89.993,55.82,40.6,39.43
2021-05-28,38.73,125507283,1.54,"4,229.89","1,733.60",90.133,56.74,40.14,38.6
2021-06-04,39.15,80023077,1.02,"4,247.44","1,728.40",90.55,57.65,39.5,38.48
2021-06-11,40.15,136815651,2.24,"4,166.45","1,744.80",92.209,58.6,40.72,38.48
2021-06-18,38.81,120148783,1.37,"4,280.70","1,780.20",91.844,59.36,40.07,38.7
2021-06-25,38.98,93700250,0.81,"4,352.34","1,777.80",92.413,59.29,39.69,38.88
2021-07-02,39.73,91622126,1.01,"4,369.55","1,768.60",92.116,58.59,39.83,38.82
2021-07-09,39.61,81196946,1.17,"4,327.16","1,832.40",92.687,59.52,40.1,38.93
2021-07-16,40.35,97144732,0.82,"4,411.80","1,839.10",92.928,62.59,40.35,39.53
2021-07-23,41.68,146675249,2.15,"4,395.26","1,877.60",92.188,62.24,41.83,39.68
2021-07-30,42.81,163864913,2.35,"4,436.52","1,905.30",92.8,62.91,43.74,41.39
2021-08-06,45.07,176019899,2.61,"4,468.00","1,892.00",92.512,63.66,45.86,43.25
2021-08-13,48.48,229531272,3.46,"4,441.67","1,879.60",93.508,62.89,48.57,45.11
2021-08-20,48.72,288412173,4.35,"4,509.37","1,769.00",92.694,64.49,51.86,47.51
2021-08-27,46.6,254267042,4.83,"4,535.43","1,777.80",92.033,66.18,51.36,46.53
2021-09-03,46.84,140206418,1.74,"4,458.58","1,784.10",92.59,65.35,47.16,45.42
2021-09-10,45.59,84573306,1.99,"4,432.99","1,811.50",93.176,64.3,47.5,45.51
2021-09-17,43.89,168705926,2.52,"4,455.48","1,815.90",93.335,65.59,45.83,43.31
2021-09-24,43.94,124005264,1.34,"4,357.05","1,802.90",94.047,64.58,44.73,43.39
2021-10-01,42.93,126100943,2.43,"4,391.36","1,814.50",94.079,65.8,44.13,41.7
2021-10-08,42.45,111289849,1.66,"4,471.37","1,761.10",93.938,67.67,43.35,41.69
2021-10-15,41.49,97552823,1.68,"4,544.90","1,776.00",93.625,67.24,42.62,40.94
2021-10-22,43.16,101006392,2.15,"4,605.38","1,781.80",94.121,69.96,43.19,41.04
2021-10-29,43.74,123223660,1.26,"4,697.53","1,817.20",94.317,70.94,43.83,42.57
2021-11-05,48.61,358654275,5.76,"4,682.85","1,832.60",95.128,69.47,48.81,43.05
2021-11-12,49.73,200190853,3.35,"4,697.96","1,791.00",96.028,69.26,50.5,47.15
2021-11-19,50.8,176788953,3.95,"4,594.62","1,750.50",96.104,67.89,52.84,48.89
2021-11-26,54,137358593,4.64,"4,538.43","1,750.90",96.114,66.71,54.94,50.3
2021-12-03,54.27,281045017,3.84,"4,712.02","1,758.40",96.1,68.59,55.7,51.86
2021-12-10,52.78,197133641,3.49,"4,620.64","1,757.40",96.548,67.02,53.89,50.4
2021-12-17,59.48,358315637,7.99,"4,725.78","1,768.30",95.985,68.47,61.43,53.44
2021-12-24,58.71,221388214,4.55,"4,766.18","1,796.30",95.593,70,61.71,57.16
2021-12-31,59.05,143573134,2.73,"4,677.02","1,784.90",95.722,64.5,59.8,57.07
2022-01-07,55.72,241906418,4.61,"4,662.85","1,818.00",95.161,62.05,58.55,53.94
2022-01-14,54.95,150420300,2.92,"4,397.93","1,869.70",95.636,58.97,57.43,54.51
2022-01-21,52.79,139071684,2.41,"4,431.85","1,852.90",97.266,58.22,54.87,52.46
2022-01-28,54.33,208256354,4.85,"4,500.54","1,786.90",95.48,59.54,54.67,49.82
2022-02-04,53,146135210,1.75,"4,418.64","1,783.90",96.073,57.46,54.14,52.39
2022-02-11,50.78,208001101,3.89,"4,348.87","1,784.80",96.022,57.18,53.58,49.69
2022-02-18,48.53,147993751,2.58,"4,384.62","1,804.90",96.619,57.57,50.78,48.2
2022-02-25,47.72,136034331,2.91,"4,328.87","1,811.70",98.671,57.18,48.31,45.4
2022-03-04,48.65,165442944,3.33,"4,204.31","1,829.70",99.13,54.96,48.77,45.44
2022-03-11,50.27,149047783,4.43,"4,463.09","1,799.30",98.227,59.74,50.9,46.47
2022-03-18,54.51,184791648,4.61,"4,543.04","1,818.30",98.822,58.43,55,50.39
2022-03-25,52.78,138642713,3.14,"4,545.86","1,833.50",98.627,60.64,55.3,52.16
2022-04-01,51.57,134561766,2.98,"4,488.28","1,786.60",99.753,61.14,54.08,51.1
2022-04-08,55.17,134303682,5.21,"4,392.59","1,807.80",100.326,59.52,55.58,50.37
2022-04-15,53.12,77882970,3.67,"4,271.78","1,842.10",101.213,55.62,56.32,52.65
2022-04-22,48.13,116520734,5.21,"4,131.93","1,899.80",102.963,52.46,53.11,47.9
2022-04-29,49.07,135147331,3.65,"4,123.34","1,889.20",103.694,50.76,50.77,47.12
2022-05-06,49.04,146783435,2.58,"4,023.89","1,968.90",104.621,49.16,50.04,47.46
2022-05-13,49.92,137939860,3.02,"3,901.36","1,987.60",103.173,48.71,50.79,47.77
2022-05-20,52.47,112745632,3.11,"4,158.24","1,931.70",101.698,51.88,52.7,49.59
2022-05-27,53.91,119693361,2.44,"4,108.54","1,956.90",102.16,51.36,54.92,52.48
2022-06-03,53.2,123517086,2.49,"3,900.86","1,923.70",104.151,50.06,53.53,51.04
2022-06-10,49.97,85835689,4.61,"3,674.84","1,945.60",104.488,49.62,54.56,49.95
2022-06-17,46.53,141499513,3,"3,911.74","1,974.90",103.959,53.09,49.28,46.28
2022-06-24,51.59,84411864,4.69,"3,825.33","1,934.30",104.909,51.86,51.64,46.95
2022-07-01,52.31,96177708,2.48,"3,899.38","1,915.10",106.821,52.19,52.89,50.41
2022-07-08,53.17,68883706,3.52,"3,863.16","1,886.20",107.911,52.36,53.92,50.4
2022-07-15,51.75,74395336,3.31,"3,961.63","1,811.30",106.621,57.53,53.74,50.43
2022-07-22,51.23,67955318,1.79,"4,130.29","1,844.70",105.779,60.3,51.97,50.18
2022-07-29,50.51,112854634,3.75,"4,145.19","1,857.30",106.49,60.69,52.85,49.1
2022-08-05,49.27,87414837,2.41,"4,280.15","1,850.20",105.51,63.47,51.47,49.06
2022-08-12,50.11,115412417,2.58,"4,228.48","1,875.50",108.098,62.37,50.39,47.81
2022-08-19,49.15,76546231,1.8,"4,057.66","1,840.60",108.751,60.69,50.18,48.38
2022-08-26,46.82,76408277,2.7,"3,924.26","1,830.30",109.51,59.68,49.4,46.7
2022-09-02,45.7,90735541,1.67,"4,067.36","1,805.90",108.997,63.26,46.8,45.13
2022-09-09,47.84,68312708,2.61,"3,873.33","1,746.70",109.736,61.01,47.99,45.38
2022-09-16,46.03,93941966,2.71,"3,693.23","1,707.50",112.962,56.93,48.35,45.64
2022-09-23,44.08,86510143,2.36,"3,585.62","1,731.40",112.084,56.68,45.88,43.52
2022-09-30,43.76,93297599,1.14,"3,639.66","1,771.50",112.683,57.66,44.81,43.67
2022-10-07,42.32,108869734,2.92,"3,583.07","1,780.50",113.202,54.75,44.84,41.92
2022-10-14,42.86,97791579,1.93,"3,752.75","1,805.20",111.98,57.74,43.38,41.45
2022-10-21,44.95,112466521,2.42,"3,901.06","1,753.00",110.606,62.28,45.16,42.74
2022-10-28,47.43,117743769,2.63,"3,770.55","1,740.60",110.774,61.9,47.52,44.89
2022-11-04,47.22,131042417,2.26,"3,992.93","1,717.70",106.164,66.4,48.42,46.16
2022-11-11,47.6,95097472,1.44,"3,965.34","1,723.60",106.826,65.52,47.75,46.31
2022-11-18,48.23,101042796,2.29,"4,026.12","1,677.90",105.917,67.15,49.82,47.53
2022-11-25,49.21,48565479,1.53,"4,071.70","1,650.00",104.5,68.98,49.25,47.72
2022-12-02,50.91,113912664,2.29,"3,934.38","1,672.00",104.799,63.2,51.33,49.04
2022-12-09,51.72,101727129,3.66,"3,852.36","1,709.30",104.661,60.62,52.84,49.18
2022-12-16,51.4,171574089,3.53,"3,844.82","1,648.90",104.01,61.28,54.93,51.4
2022-12-23,51.83,66931391,1.46,"3,839.50","1,656.30",103.269,61.35,52.16,50.7
2022-12-30,51.24,42455159,1.18,"3,895.08","1,644.80",103.646,61.65,51.93,50.75
2023-01-06,50.92,87105576,2.68,"3,999.09","1,676.60",101.946,63.35,51.6,48.92
2023-01-13,47.85,125156157,3.68,"3,972.61","1,769.40",101.781,62.06,50.26,46.58
2023-01-20,45.11,115038812,2.1,"4,070.56","1,754.40",101.721,60.5,46.74,44.64
2023-01-27,43.79,121343740,1.71,"4,136.48","1,768.80",102.755,60.55,45.32,43.61
2023-02-03,44.06,157628266,1.76,"4,090.46","1,809.60",103.535,59.62,44.46,42.7
2023-02-10,43.88,99861817,1.09,"4,079.09","1,810.70",103.78,58.56,44.33,43.24
2023-02-17,43.21,90509687,1.62,"3,970.04","1,800.20",105.158,57.05,44.2,42.58
2023-02-24,41.75,72661203,1.42,"4,045.64","1,804.20",104.488,56.22,42.93,41.51
2023-03-03,41.15,118596446,1.92,"3,861.59","1,826.20",104.552,52.6,41.73,39.81
2023-03-10,39.39,104309892,2.03,"3,916.64","1,869.70",103.36,52.75,41.26,39.23
2023-03-17,40.1,163940024,1.53,"3,970.99","1,921.70",102.764,53.07,40.79,39.26
2023-03-24,40.39,90430781,1.04,"4,109.31","1,928.20",102.186,54.67,40.91,39.87
2023-03-31,40.8,84257955,0.97,"4,105.02","1,929.40",101.519,54.9,40.83,39.86
2023-04-07,41.5,95961179,1.57,"4,137.64","1,862.90",101.245,55.16,42.22,40.65
2023-04-14,41.19,90984822,1.06,"4,133.52","1,862.80",101.552,56.97,41.99,40.93
2023-04-21,40.21,92723167,1.54,"4,169.48","1,840.40",101.403,55.37,41.33,39.79
2023-04-28,38.89,107976832,1.89,"4,136.25","1,817.10",100.999,54.92,40.2,38.31
2023-05-05,38.49,133374003,2.1,"4,124.08","1,854.60",102.509,55.14,40.12,38.02
2023-05-12,37.35,97055509,1.52,"4,191.98","1,867.20",103.079,55.32,38.73,37.21
2023-05-19,36.77,126149252,1.48,"4,205.45","1,973.50",104.136,54.22,37.65,36.17
