Date,Close,Volume,PriceRange,S&P Close,Gold,Dolla Strength,NASDAQ
2003-01-03,21.65,7356500,1.4,927.57,355.3,101.56,3.08
2003-01-10,20.86,9356100,0.99,901.78,357.3,100.89,3.17
2003-01-17,21.09,10343000,0.96,861.4,369,99.45,3.07
2003-01-24,21.2,11869000,0.88,855.7,369.1,100.14,3.03
2003-01-31,21.98,11727400,1.39,829.69,370.5,99.77,3.06
2003-02-07,21.16,12185300,1.3,834.89,352.2,100.25,2.67
2003-02-14,20,15386400,1.9,848.17,351.8,100.25,2.65
2003-02-21,20.55,8009500,0.76,841.15,350.7,99.81,2.58
2003-02-28,20.73,10514500,1.07,828.89,351.3,98.1,2.57
2003-03-07,21.35,10490800,0.83,833.27,337,100.05,2.33
2003-03-14,20.91,9476300,0.98,895.79,326.5,102.45,2.33
2003-03-21,22.48,9878800,1.53,863.5,332.4,100.35,2.32
2003-03-28,23.04,9818800,1.08,878.85,326,100.88,2
2003-04-04,23.08,11303400,1.08,868.3,328.5,100.56,1.77
2003-04-11,23.23,10810500,0.97,893.58,327.6,99.56,1.75
2003-04-17,22.96,16388500,1.73,898.81,333.7,98.62,1.97
2003-04-25,22.68,12266100,1.05,930.08,341.7,96.94,2.15
2003-05-02,23.16,11446700,0.87,933.41,349.3,95.16,2.08
2003-05-09,23.37,7447900,0.58,944.3,355.4,94.18,2.1
2003-05-16,23.85,10068700,0.98,933.22,369.3,93.13,1.95
2003-05-23,23.87,13037600,0.99,963.59,365.6,93.31,2.07
2003-05-30,23.99,6861400,0.66,987.76,364.5,93.56,2.13
2003-06-06,24.47,9948900,1.2,988.61,357.2,92.25,2.13
2003-06-13,25.23,9283800,1.47,995.69,356.7,94.45,2.38
2003-06-20,25.3,16026000,1.47,976.22,346.2,95.49,2.75
2003-06-27,25.11,13345400,1.11,985.7,351.7,94.75,2.75
2003-07-03,25.46,7683500,1.07,998.14,345.6,96.13,3.05
2003-07-11,25.6,11419300,1.07,993.32,347.8,96.82,2.97
2003-07-18,26.22,24885500,2.6,998.68,363.3,95.12,2.82
2003-07-25,27.06,15772000,2.51,980.15,347,96.87,2.83
2003-08-01,26.25,24708200,2.33,977.59,357.1,96.57,2.33
2003-08-08,24.94,22722300,2.61,990.67,363.8,96.8,2.48
2003-08-15,25.61,9824500,0.93,993.06,363.4,99,2.43
2003-08-22,24.46,12044700,1.8,"1,008.01",376.3,98.1,2.42
2003-08-29,24.72,11836000,0.92,"1,021.39",378.2,97.13,2.55
2003-09-05,24.8,10546000,0.61,"1,018.63",376.4,96.03,2.58
2003-09-12,24.95,10499300,0.74,"1,036.30",382.4,95.34,2.72
2003-09-19,24.98,11759300,0.69,996.85,381.3,94.25,2.75
2003-09-26,24.17,12493100,1.07,"1,029.85",370,93.53,2.69
2003-10-03,26.3,17105000,2.45,"1,038.06",374.1,91.79,2.71
2003-10-10,26.09,9375000,0.85,"1,039.32",372.2,92.6,2.96
2003-10-17,27,13272200,1.41,"1,028.91",389.2,91.51,2.94
2003-10-24,27.13,12137900,1.12,"1,050.71",385.1,92.88,2.93
2003-10-31,25.44,30034200,1.69,"1,053.21",383.9,93.2,3.05
2003-11-07,23.93,22768444,1.9,"1,050.35",398.5,91.6,3.08
2003-11-14,24.84,15203500,1.24,"1,035.28",396.6,90.75,3
2003-11-21,25.86,16522900,1.48,"1,058.20",398,90.28,2.97
2003-11-28,26.95,9804900,1.5,"1,061.50",407.3,89.19,3
2003-12-05,26.68,11920100,1.03,"1,074.14",410.1,88.46,2.87
2003-12-12,27.24,9485100,0.98,"1,088.66",409.9,88.53,2.97
2003-12-19,28.03,14067300,1.1,"1,095.89",412.8,87.93,3.07
2003-12-26,28.25,5607800,0.53,"1,108.48",416.6,86.93,3.08
2004-01-02,29.52,10407300,1.41,"1,121.86",427.3,85.39,3.44
2004-01-09,28.46,20533400,1.65,"1,139.83",407.6,88.05,3.6
2004-01-16,29.33,13063100,1.31,"1,141.55",408.6,86.85,3.47
2004-01-23,29.84,11594900,1.41,"1,131.13",402.9,87.42,2.95
2004-01-30,30.44,11023400,1.03,"1,142.76",404.2,86.2,3.03
2004-02-06,29.81,12562500,1.41,"1,145.81",410.8,85.68,3.05
2004-02-13,29.84,19687500,0.9,"1,144.11",398,87.4,3.02
2004-02-20,30.52,11921000,1.05,"1,144.94",397.3,87.42,2.97
2004-02-27,31,13335900,0.9,"1,156.86",402.1,88.23,3.05
2004-03-05,31.59,15008300,1.19,"1,120.57",396.1,89.09,3
2004-03-12,30.91,12143600,1.29,"1,109.78",413.2,88.54,2.85
2004-03-19,31.74,11200900,1.37,"1,108.06",422.7,89.28,2.85
2004-03-26,31.04,12262300,1.35,"1,141.81",422.5,88.85,2.85
2004-04-02,32.56,10467300,1.56,"1,139.32",420.7,89.29,2.85
2004-04-09,33.25,7882600,0.81,"1,134.61",401.6,90.24,2.57
2004-04-16,32.71,22830300,3.38,"1,140.60",395.7,91.36,2.63
2004-04-23,33.03,15011200,1.52,"1,107.30",388,90.68,2.5
2004-04-30,30.74,28459600,2.55,"1,098.70",379.6,91.31,2.56
2004-05-07,30.27,17108300,1.08,"1,095.70",377.6,91.78,2.42
2004-05-14,31.26,16970600,2.22,"1,093.56",385.4,90.57,2.37
2004-05-21,31.5,16773000,1.22,"1,120.68",394.9,88.98,2.42
2004-05-28,32.57,19681700,1.41,"1,122.50",391.7,88.59,2.43
2004-06-04,32.43,12983200,0.65,"1,136.47",386.6,90,2.41
2004-06-11,32.04,9707800,1.05,"1,135.02",395.7,89.43,2.3
2004-06-18,31.89,10617400,0.58,"1,134.43",403.2,89.22,2.2
2004-06-25,30.87,17454300,1.62,"1,125.38",399.3,88.18,2.12
2004-07-02,30.47,12387100,1,"1,112.81",408.5,87.67,2.1
2004-07-09,30.11,11258100,1.14,"1,101.39",407.4,87.3,2.14
2004-07-16,32.82,21167800,3.12,"1,086.20",391.1,89.46,2.1
2004-07-23,31.44,15906400,1.95,"1,101.72",392.4,90.11,2.1
2004-07-30,31.51,36090800,2.55,"1,063.97",400.8,88.46,2.09
2004-08-06,30.65,15082100,1.25,"1,064.80",399.8,87.97,1.97
2004-08-13,32.42,14587400,1.89,"1,098.35",414,88.23,2.05
2004-08-20,32.78,9532800,0.77,"1,107.77",403.8,89.8,2.03
2004-08-27,32.82,7049500,0.64,"1,113.63",401.8,89.66,2.05
2004-09-03,33.52,8913800,1.29,"1,123.92",403.1,88.37,2.02
2004-09-10,34.44,9589700,1.01,"1,128.55",406.9,89.1,1.84
2004-09-17,34.91,13070400,0.92,"1,110.11",408.9,88.59,1.97
2004-09-24,35.67,10398200,2.3,"1,131.50",421.2,87.76,2.47
2004-10-01,36.88,21000200,1.94,"1,122.14",424.5,87.55,2.55
2004-10-08,36.7,14762700,1.28,"1,108.20",420.1,87.22,2.5
2004-10-15,36.67,20739200,1.99,"1,095.74",425.6,85.97,2.18
2004-10-22,34.93,48508400,4.53,"1,130.20",430.3,84.98,2.27
2004-10-29,36.2,20131200,2.37,"1,166.17",435.3,84.07,2.3
2004-11-05,39.74,23620900,4.05,"1,184.17",439.3,83.71,2.45
2004-11-12,40.75,18966200,1.61,"1,170.34",448.1,83.32,2.55
2004-11-19,40.86,12168400,1.47,"1,182.65",450.4,81.81,2.33
2004-11-26,41.94,6860300,1.76,"1,191.17",457.8,80.98,2.3
2004-12-03,41.16,18405100,1.42,"1,188.00",435.3,82.59,2.28
2004-12-10,42.39,17803800,2.85,"1,194.20",442.9,82.23,3.03
2004-12-17,42.68,19748100,1.43,"1,210.13",442.9,81.31,3.13
2004-12-24,42.5,8737400,0.97,"1,211.92",439.4,81,3.4
2004-12-31,44.02,7853700,1.73,"1,186.19",420.6,83.72,3.04
2005-01-07,43.62,13968400,1.73,"1,184.52",424.1,83.13,2.77
2005-01-14,44.78,12234500,1.31,"1,167.87",427.9,83.34,2.82
2005-01-21,44.43,16265500,2.23,"1,171.36",428.1,83.53,2.88
2005-01-28,44.08,12556200,1.53,"1,203.03",415.9,84.45,3.2
2005-02-04,45.89,12888300,1.73,"1,205.30",422,84.61,3.5
2005-02-11,43.88,15983800,1.99,"1,201.59",428.4,83.52,3.34
2005-02-18,44.53,10868000,1.37,"1,211.37",437.3,82.65,3.5
2005-02-25,45.7,10714800,2.42,"1,222.12",436.3,82.53,3.57
2005-03-04,46.65,10509600,1.74,"1,200.08",448.1,81.42,3.43
2005-03-11,45.14,11721900,2.19,"1,189.65",441,82.1,3.79
2005-03-18,45.63,12677800,1.23,"1,171.42",426.1,84.11,3.7
2005-03-25,46.43,9825700,1.37,"1,172.92",428.3,84.4,3.48
2005-04-01,47.92,16080000,2.06,"1,181.20",428.8,84.41,3.63
2005-04-08,49.2,15233700,2.24,"1,142.62",426.5,84.5,3.49
2005-04-15,46.64,23409600,3.28,"1,152.12",435.6,83.45,4.48
2005-04-22,45.63,19752900,2.15,"1,156.85",437.4,84.42,5
2005-04-29,47.26,18685300,3.05,"1,171.35",428.2,84.62,5.29
2005-05-06,49.21,17732600,2.43,"1,154.05",422,86.1,4.85
2005-05-13,47.69,15427800,2.67,"1,189.28",419,86.67,5.38
2005-05-20,48.25,18485600,1.36,"1,198.78",422.4,86.41,5.73
2005-05-27,48.89,11472300,0.81,"1,196.02",425.8,88.04,5.99
2005-06-03,50.6,22722400,2.83,"1,198.11",429.3,88.72,6.41
2005-06-10,50.79,26605700,1.98,"1,216.96",440,87.56,6.15
2005-06-17,51.85,21813700,1.26,"1,191.57",442,88.7,6.22
2005-06-24,51.3,22268900,3.36,"1,194.44",430.3,90,6.43
2005-07-01,52.81,23551100,2.44,"1,211.86",425.2,90.15,6.53
2005-07-08,53.05,35806600,2.71,"1,227.92",422.8,89.62,7.05
2005-07-15,50.82,41048300,3.1,"1,233.68",426.4,89.52,6.35
2005-07-22,50.8,41109400,3.45,"1,234.18",432.8,89.23,7.55
2005-07-29,52.3,35988900,2.63,"1,226.42",439.7,87.95,7.44
2005-08-05,52.06,26753300,1.55,"1,230.39",448.2,86.83,7.78
2005-08-12,52.09,20553400,2.36,"1,219.71",439.1,88.49,7.53
2005-08-19,51.18,15326200,1.18,"1,205.10",439,87.83,7.67
2005-08-26,50.45,16835500,1.47,"1,218.02",447,86.25,8.18
2005-09-02,52.53,20831800,2.71,"1,241.48",451.5,86.89,8.34
2005-09-09,54.51,18269500,2.27,"1,237.91",461.8,88.04,8.25
2005-09-16,54.05,25927300,1.96,"1,215.29",465.5,88.98,8.33
2005-09-23,55,30565100,3.16,"1,228.81",472.3,89.35,8.45
2005-09-30,56.2,27890300,2,"1,195.90",477.7,88.95,9.33
2005-10-07,56.37,25083400,2.05,"1,186.57",471.8,89.18,9.13
2005-10-14,56.43,26840300,2.77,"1,179.59",469.1,90.18,9.7
2005-10-21,57.14,26021400,2.47,"1,198.41",478.6,89.46,10.05
2005-10-28,56.73,33870000,3.97,"1,220.14",459.8,91.16,11.25
2005-11-04,58.02,47214800,3.29,"1,234.72",471.3,91.89,12.03
2005-11-11,59.65,23314300,2.68,"1,248.27",488.2,91.87,13
2005-11-18,60.96,22885700,2.52,"1,268.25",494.3,91.98,14.9
2005-11-25,60.16,14008700,1.04,"1,265.08",507,91.88,14.09
2005-12-02,61.97,27394700,3.74,"1,259.37",530.2,91.21,12.97
2005-12-09,63.67,22310000,2.82,"1,267.32",505.9,89.67,12.27
2005-12-16,63.14,21395700,1.98,"1,268.66",505.2,90.55,12.58
2005-12-23,63.65,46664900,3.47,"1,248.29",521.2,90.96,11.73
2005-12-30,62.14,15692400,2.48,"1,285.45",543.3,88.62,13.28
2006-01-06,62.9,24861500,2.33,"1,287.61",559.3,88.66,13
2006-01-13,60.94,36968600,3.2,"1,261.49",556.3,88.78,12.61
2006-01-20,59.48,36948500,2.81,"1,283.72",561.1,89.19,14.52
2006-01-27,58.54,40766700,2.71,"1,264.03",571.6,89.74,13.34
2006-02-03,59.62,36545700,2.3,"1,266.99",553.5,90.47,13.4
2006-02-10,58.6,27360000,2.35,"1,287.24",554.6,90.56,13.27
2006-02-17,58,24617700,1.92,"1,289.43",561.2,90.58,13.68
2006-02-24,58.89,20106700,1.94,"1,287.23",570.6,89.63,13.56
2006-03-03,56.6,26347300,2.67,"1,281.42",543.9,90.88,14.52
2006-03-10,56.17,30441200,1.76,"1,307.25",557.6,88.53,14.59
2006-03-17,56.69,39371700,3.67,"1,302.95",563,89.69,13.52
2006-03-24,55.78,25280600,1.91,"1,294.87",586.7,89.39,13.35
2006-03-31,55.86,50670000,3.77,"1,295.50",592.7,89.31,13.72
2006-04-07,53.69,40367800,2.95,"1,289.12",600.1,89.37,14.08
2006-04-14,53.5,53420900,2.92,"1,311.28",635.5,87.77,13.73
2006-04-21,49.57,122227900,5.59,"1,310.61",657.7,85.88,12.47
2006-04-28,49.74,77863400,3.99,"1,325.76",687.6,84.92,12.25
2006-05-05,46.39,71311200,4.3,"1,291.24",715.2,83.83,12.02
2006-05-12,45.84,127054400,3.34,"1,267.03",660.8,84.73,11.02
2006-05-19,44.42,64425900,3.7,"1,280.16",654.2,85.19,10.64
2006-05-26,43.12,65877700,3.13,"1,288.22",641,84,10.01
2006-06-02,46.98,42352000,4.57,"1,252.30",612.8,85.71,9.14
2006-06-09,45.77,31025300,1.51,"1,251.54",581.7,85.94,8.94
2006-06-16,44.29,31884400,1.95,"1,244.50",588,86.45,9.04
2006-06-23,45.23,30031800,2.37,"1,270.20",619.3,84.9,9.97
2006-06-30,44.78,29008400,2.92,"1,265.48",638.2,84.64,9.38
2006-07-07,45.39,17109700,1.34,"1,236.20",671.4,85.78,8.75
2006-07-14,47.55,39112800,3.5,"1,240.29",623.4,85.67,9
2006-07-21,50,49897300,4.67,"1,278.55",641.4,85.19,9.63
2006-07-28,47.85,44513100,4.27,"1,279.36",649.6,84.38,8.97
2006-08-04,48.56,28499800,2.33,"1,266.74",638.1,85.39,8.9
2006-08-11,47.57,25933400,3.47,"1,302.30",615.8,84.98,9.82
2006-08-18,49.5,21656100,2.03,"1,295.09",624.9,85.3,8.99
2006-08-25,50.88,17464600,2.28,"1,311.01",629.6,84.89,9.44
2006-09-01,51.8,21182200,1.61,"1,298.92",614.3,85.96,9.73
2006-09-08,50.9,14832200,2.27,"1,319.66",580.3,86.01,9.78
2006-09-15,52.21,22121900,2.57,"1,314.78",592.7,84.87,10.42
2006-09-22,48.97,25401900,3.94,"1,335.85",604.2,85.68,10.08
2006-09-29,49.2,27523500,1.84,"1,349.59",576.8,86.2,10.6
2006-10-06,51.5,30746400,4.09,"1,365.62",592.7,86.87,11.66
2006-10-13,48.75,26458000,2.98,"1,368.60",596.4,86.06,12.08
2006-10-20,50.7,90506700,4.84,"1,377.34",601,85.34,12.24
2006-10-27,49.41,41194600,2.74,"1,364.30",632.3,85.54,11.95
2006-11-03,47.83,29534400,2.32,"1,380.90",633.2,84.88,12.6
2006-11-10,46.11,63360100,4.88,"1,401.20",625.6,85.29,12.19
2006-11-17,47.25,36693900,2.49,"1,400.95",632.1,84.53,13.54
2006-11-24,46.71,18847900,1.68,"1,396.71",650.6,82.42,12.44
2006-12-01,48.83,42701300,3.66,"1,409.84",631,83.3,12.23
2006-12-08,49.91,38512100,1.63,"1,427.09",619.1,84.07,11.85
2006-12-15,50.09,33132700,1.42,"1,410.76",622.3,83.67,10.6
2006-12-22,53.45,41550400,4.48,"1,418.30",641.1,83.43,10.26
2006-12-29,53.73,15269400,1.99,"1,409.71",609.9,84.4,11.03
2007-01-05,52.55,19731600,2.41,"1,430.73",629.9,84.82,11.43
2007-01-12,55.1,28741200,3.14,"1,430.50",639.5,84.68,11.52
2007-01-19,53.2,36238900,3.21,"1,422.18",647.7,85.11,11.37
2007-01-26,51.54,33667600,2.49,"1,448.39",651.5,84.79,11.18
2007-02-02,52.91,24830800,2.1,"1,438.06",672.3,84.75,12.4
2007-02-09,50.88,31159100,2.32,"1,455.54",672.8,83.99,10.77
2007-02-16,53.95,31386432,2.97,"1,451.19",686.7,83.99,10.77
2007-02-23,53.03,19512600,2.07,"1,387.17",647.1,83.64,9.42
2007-03-02,54.18,42271853,4.14,"1,402.84",655.1,84.21,9.52
2007-03-09,53,40054500,2.01,"1,386.95",657,83.23,9.27
2007-03-16,53.13,44731200,1.96,"1,436.11",660.3,83,9.75
2007-03-23,56.51,51706431,3.44,"1,420.86",669,82.66,9.8
2007-03-30,52.97,72441336,4.75,"1,443.76",679.4,82.76,9.89
2007-04-06,55.33,35624075,2.93,"1,452.85",689.9,81.925,10.41
2007-04-13,52.95,38836271,3.18,"1,484.35",695.8,81.45,10.71
2007-04-20,53.2,59962362,3.9,"1,494.07",688.2,81.35,10.95
2007-04-27,53.15,52502227,2.19,"1,505.62",692.9,81.62,10.93
2007-05-04,53.57,37581881,1.56,"1,505.85",675.5,82.02,10.51
2007-05-11,53.59,35862298,1.92,"1,522.75",665.1,82.11,10.45
2007-05-18,53.47,30308121,1.55,"1,515.73",658.3,82.27,10.95
2007-05-25,54.41,33673026,1.72,"1,536.34",676.9,82.29,11.07
2007-06-01,55.21,22852862,1.24,"1,507.67",650.3,82.69,10.9
2007-06-08,53.67,27043010,2.44,"1,532.91",658.7,82.86,10.54
2007-06-15,52.9,30067615,1.35,"1,502.56",657,82.11,9.96
2007-06-22,51.3,37854363,2.16,"1,503.35",653.9,81.69,9.9
2007-06-29,51.14,32701728,2.3,"1,530.44",658.1,81.26,10.38
2007-07-06,53.02,21292016,1.99,"1,552.50",670.6,80.39,10.5
2007-07-13,52.98,43842086,2.12,"1,534.10",688.1,80.15,11.27
2007-07-20,51.32,48064458,3.32,"1,458.95",663.4,80.81,10.39
2007-07-27,49.13,43359267,2.56,"1,433.06",678.1,80.06,10.21
2007-08-03,47.5,51326005,2.89,"1,453.64",675.3,80.595,10.61
2007-08-10,47.48,55804290,3.25,"1,445.94",660.9,81.36,10.58
2007-08-17,49.8,47750195,2.3,"1,479.37",671.5,80.61,10.47
2007-08-24,49.61,35345828,2.37,"1,473.99",678.8,80.745,10.89
2007-08-31,50.01,31498580,2.03,"1,453.55",706.4,79.91,10.87
2007-09-07,49.19,22475695,1.77,"1,484.25",714.4,79.62,11.64
2007-09-14,49.91,30672700,1.38,"1,525.75",735.5,78.48,11.87
2007-09-21,49.91,38102825,0.95,"1,526.75",750,77.625,12.56
2007-09-28,48.43,48600526,2.1,"1,557.59",747.2,78.235,13.5
2007-10-05,47.7,45153300,2.39,"1,561.80",753.8,78.16,13.69
2007-10-12,49.69,44272646,2.3,"1,500.63",768.4,77.37,13.33
2007-10-19,47.45,52452900,2.38,"1,535.28",787.5,76.98,14.77
2007-10-26,47.99,34220900,2.42,"1,509.65",811.8,76.3,15.6
2007-11-02,48.94,33579259,2.22,"1,453.70",838.3,75.39,13.75
2007-11-09,51.67,45739752,3.72,"1,458.74",790.4,75.84,13.98
2007-11-16,53.42,48553731,2.32,"1,440.70",828.2,74.86,14.54
2007-11-23,54.07,26892411,1.43,"1,481.14",789.1,76.17,14.45
2007-11-30,55,35369340,1.79,"1,504.66",800.2,76.34,15.27
2007-12-07,56.65,42459039,3.09,"1,467.95",798,77.44,15.58
2007-12-14,56.73,52091123,3.23,"1,484.46",815.4,77.74,16.23
2007-12-21,58.99,34625304,3.09,"1,478.49",831.8,76.235,16.37
2007-12-28,58.28,13545435,1.38,"1,411.63",869.3,75.82,14.88
2008-01-04,56,23208009,2.63,"1,401.02",901.3,76.04,15.37
2008-01-11,55.91,36166478,2.41,"1,325.19",885,76.5,12.48
2008-01-18,54.4,38692905,3.39,"1,330.61",913.7,76.115,14.33
2008-01-25,50,55966922,4.86,"1,395.42",913.5,75.565,15.28
2008-02-01,50.1,48707599,2.9,"1,331.29",922.3,76.82,13.59
2008-02-08,48.2,30771620,2.64,"1,349.99",906.1,76.21,13.82
2008-02-15,47.74,59982483,4.65,"1,353.11",947.8,75.575,13.47
2008-02-22,47.36,21157555,1.75,"1,330.63",977.5,73.75,13.84
2008-02-29,46.48,37448327,3.26,"1,293.37",976.8,73.045,12.6
2008-03-07,45.21,36530546,2.23,"1,288.14","1,002.00",71.675,12.88
2008-03-14,37.19,122559118,11.06,"1,329.51",922.1,73.23,13.23
2008-03-21,35.32,68117218,3.15,"1,315.22",936.5,72.105,12.93
2008-03-28,34.4,51965312,2.19,"1,370.40",913.2,72.36,13.62
2008-04-04,36.5,49837503,3.06,"1,332.83",927,72.065,12.72
2008-04-11,35.87,40306291,2.6,"1,390.33",915.2,72.255,13.54
2008-04-18,37.25,41283435,2.57,"1,397.84",889.7,73.03,12.28
2008-04-25,33.99,74844247,4.69,"1,413.90",860,73.69,12.74
2008-05-02,33.47,73799990,2.04,"1,388.28",888,73.225,12.77
2008-05-09,32.94,44233487,1.54,"1,425.35",902.5,72.96,12.5
2008-05-16,32.32,55237788,1.69,"1,375.93",928.2,71.97,11.21
2008-05-23,34.75,73935162,3.32,"1,400.38",891.5,72.95,11.68
2008-05-30,34.21,44721489,1.23,"1,360.68",899,72.43,10.82
2008-06-06,33.03,54306500,1.43,"1,360.03",873.1,74.17,10.77
2008-06-13,30.74,63964210,3.25,"1,317.93",903.7,73.38,10.1
2008-06-20,27.12,105921513,3.81,"1,278.38",915.1,72.67,9.43
2008-06-27,26.01,70445567,1.41,"1,262.90",936,72.99,8.31
2008-07-04,22.96,77458414,4.58,"1,239.49",963.2,72.345,8.11
2008-07-11,22.16,84610231,2.55,"1,260.68",960.6,72.425,9.16
2008-07-18,23.9,77582434,3.09,"1,257.76",929.3,73.075,9.61
2008-07-25,27.45,88888376,4.37,"1,260.31",912.9,73.6,9.07
2008-08-01,28.13,54942592,2.35,"1,296.32",860.7,76.01,11.24
2008-08-08,31,52026502,3.69,"1,298.20",788.4,77.35,11.46
2008-08-15,33.01,39701052,2.86,"1,292.20",829.5,76.895,10.63
2008-08-22,30.61,40786018,3.64,"1,282.83",833.2,77.5,10.9
2008-08-29,30.45,31393314,1.93,"1,242.31",800.6,79,10.74
2008-09-05,27.71,42392831,4.16,"1,251.70",762.5,78.975,10.42
2008-09-12,29.61,46896016,1.81,"1,255.08",862.9,77.94,12.93
2008-09-19,26.79,66494207,5.1,"1,213.27",886,77.045,10.87
2008-09-26,25.81,28154819,2.52,"1,099.23",833.2,80.58,10.47
2008-10-03,24.11,44201383,5,899.22,859,83.31,8.62
2008-10-10,17.35,77004671,9.48,940.55,787.7,82.835,10.33
2008-10-17,24.39,81408527,7.42,876.77,730.3,86.95,9.5
2008-10-24,22.91,59852697,4.73,968.75,718.9,86.345,10.82
2008-10-31,23.73,62201882,4.19,930.99,735.7,86.45,9.11
2008-11-07,22.43,46178400,2.66,873.29,743.6,86.785,7.3
2008-11-14,20.02,48782593,4.87,800.03,792.1,88.415,5.61
2008-11-21,17.15,61243895,4.84,896.24,819,86.705,7.17
2008-11-28,21.01,40022366,4.1,876.07,752.2,87.19,7.78
2008-12-05,21.41,44143195,3.39,879.73,820.5,83.63,8.22
2008-12-12,23.54,45130058,3.77,887.88,837.4,82.435,8.18
2008-12-19,26.49,58394708,4.42,872.8,871.2,81.69,7.76
2008-12-26,26.3,18154784,1.82,931.8,880,82.805,8.71
2009-01-02,27.59,21864916,2.64,890.35,855.7,83.455,7.33
2009-01-09,26.45,36217550,1.92,850.12,840.7,84.835,7.06
2009-01-16,25.5,44805864,3.02,831.95,896.9,86.19,7.33
2009-01-23,28.04,50444646,4.71,825.88,928.4,86.46,7.27
2009-01-30,28.33,61536497,2.59,868.6,914.3,85.645,8.3
2009-02-06,28.94,63239696,2.45,826.84,942.2,86.325,7.13
2009-02-13,28.96,65380600,2.2,770.05,"1,002.20",86.7,6.9
2009-02-20,27.98,48936747,2.15,735.09,943.5,88.15,6.97
2009-02-27,19.65,112066003,7.48,683.38,943.7,88.55,6.43
2009-03-06,17.9,143062888,3.07,756.55,931.2,87.455,7.42
2009-03-13,21.36,75492042,4.54,768.54,957.4,84.34,7.03
2009-03-20,20.63,54427744,2.64,815.94,924.1,85.58,6.6
2009-03-27,21.08,52272825,1.53,842.5,897.3,84.555,7.1
2009-04-03,20.54,55773755,1.91,856.56,883.3,86.075,7.33
2009-04-10,23.86,59110670,4.14,869.6,867.9,86.295,6.6
2009-04-17,24.14,63845698,3,866.23,914.1,84.92,6.37
2009-04-24,23.06,80724531,3.76,877.52,889,84.705,6.45
2009-05-01,22.97,58404584,1.85,929.23,915.7,82.64,6.79
2009-05-08,28.87,67575427,6.89,882.88,931.9,83.15,5.96
2009-05-15,27.51,44555060,2.37,887,959.7,80.055,6.46
2009-05-22,26.3,43023920,2.34,919.14,980.3,79.43,7.04
2009-05-29,26.6,39600058,2.51,940.09,962.6,80.73,7.33
2009-06-05,27.1,44686556,2.12,946.21,940.7,80.175,7.25
2009-06-12,24.21,78710681,3.77,921.23,936.2,80.63,7.06
2009-06-19,25.43,78660490,3.21,918.9,941,80.105,7.05
2009-06-26,24.77,58266844,1.72,896.42,931.6,80.665,6.82
2009-07-03,23.91,45827577,1.59,879.13,912.5,80.43,6.31
2009-07-10,24.67,54254489,2.62,940.38,913.2,79.505,6.69
2009-07-17,25.09,48991359,1.58,979.26,938.1,78.895,6.78
2009-07-24,27.32,50083224,3.17,987.48,953.8,78.45,7.04
2009-07-31,28.06,63781295,2.65,"1,010.48",954.5,79.105,7.62
2009-08-07,26.51,48139405,2.98,"1,004.09",958.1,79.005,7.08
2009-08-14,28.06,40947248,2.31,"1,026.13",947.6,78.1,6.95
2009-08-21,28.92,47665983,2.06,"1,028.93",953.4,78.385,7.11
2009-08-28,28.18,49118472,2.02,"1,016.40",946,78.165,6.94
2009-09-04,28.88,48472275,1.98,"1,042.73",996,76.64,6.96
2009-09-11,29.07,39297506,1.82,"1,068.30","1,005.80",76.67,7.54
2009-09-18,28.58,62206988,2.22,"1,044.38","1,009.90",77.015,7.1
2009-09-25,25.34,67270146,3.81,"1,025.21",991.1,77.215,6.58
2009-10-02,24.28,83378959,2.49,"1,071.49","1,004.30",76.62,6.8
2009-10-09,24.67,76799270,1.84,"1,087.68","1,048.60",75.77,6.57
2009-10-16,24.45,66256802,1.56,"1,079.60","1,051.50",75.6,6.62
2009-10-23,25.85,65678260,2.11,"1,036.19","1,056.40",76.475,6.02
2009-10-30,25.95,71129351,1.61,"1,069.30","1,040.90",75.94,6.15
2009-11-06,28.67,65944552,3.32,"1,093.48","1,096.40",75.425,6.31
2009-11-13,29.08,43314545,1.23,"1,091.38","1,117.40",75.73,6.32
2009-11-20,28.56,37712330,1.63,"1,091.49","1,147.60",75.04,6.26
2009-11-27,29.44,30384303,1.04,"1,105.98","1,175.50",75.97,6.67
2009-12-04,27.46,60984698,2.19,"1,106.41","1,169.50",76.585,6.55
2009-12-11,30.48,92886078,3.52,"1,102.47","1,119.90",78.195,6.67
2009-12-18,31.54,114747347,1.57,"1,126.48","1,111.50",78.175,6.82
2009-12-25,31.68,49238375,2,"1,115.10","1,104.80",78.22,6.61
2010-01-01,30.48,28329733,1.39,"1,144.98","1,096.90",77.655,6.74
2010-01-08,32.7,52160922,2.08,"1,136.03","1,139.60",77.48,6.72
2010-01-15,33.75,57328315,2.45,"1,091.76","1,131.20",78.43,6.11
2010-01-22,33.16,103558050,3.07,"1,073.87","1,090.30",79.65,6
2010-01-29,33,65047950,1.98,"1,066.19","1,083.80",80.595,6.27
2010-02-05,32.54,57549730,2.28,"1,075.51","1,052.80",80.41,6.1
2010-02-12,32.18,51095907,1.2,"1,109.17","1,090.00",80.72,6.21
2010-02-19,31.94,47461279,1.82,"1,104.49","1,122.10",80.44,6.21
2010-02-26,33.86,62532831,2.42,"1,138.70","1,119.50",80.46,6.68
2010-03-05,33.74,51662275,2.3,"1,149.99","1,135.80",79.84,6.77
2010-03-12,32.91,48053360,1.06,"1,159.90","1,102.30",80.975,7.01
2010-03-19,34.39,74302020,2.77,"1,166.59","1,108.20",81.978,7.02
2010-03-26,32.63,66001991,2.56,"1,178.10","1,105.00",81.444,7.05
2010-04-02,32.99,28895312,0.79,"1,194.37","1,126.10",81.241,7.3
2010-04-09,32.26,48561084,2.39,"1,192.13","1,161.90",80.944,7.13
2010-04-16,30.73,77010980,2.6,"1,217.28","1,136.90",81.498,7.56
2010-04-23,30.95,82773388,2.35,"1,186.69","1,153.70",81.991,7
2010-04-30,30.31,75234979,2.12,"1,110.88","1,181.40",84.659,6.37
2010-05-07,29.02,57296675,2.61,"1,135.68","1,211.30",86.231,6.55
2010-05-14,30.39,49369307,1.56,"1,087.69","1,228.70",85.537,6.26
2010-05-21,28.7,49371510,2.58,"1,089.41","1,176.80",86.582,6.2
2010-05-28,29.07,44357333,1.44,"1,064.88","1,215.00",88.315,6.14
2010-06-04,30.34,40887200,2.74,"1,091.60","1,217.70",87.517,6.38
2010-06-11,30.67,66248393,1.84,"1,117.51","1,230.20",85.976,6.39
2010-06-18,31.33,47725954,1.08,"1,076.76","1,258.30",85.579,6.3
2010-06-25,29.88,45215403,2.22,"1,022.58","1,256.20",84.67,5.77
2010-07-02,28.3,60267200,3.2,"1,077.96","1,208.60",84.152,6.07
2010-07-09,29.97,38340850,1.84,"1,064.88","1,210.80",82.658,5.87
2010-07-16,30.34,39143668,1.51,"1,102.66","1,189.10",82.629,6.21
2010-07-23,30.92,45903066,1.25,"1,101.60","1,188.90",81.655,6.49
2010-07-30,30.45,35562126,1.78,"1,121.64","1,182.40",80.496,6.74
2010-08-06,33.45,42086321,2.72,"1,079.25","1,204.10",83.038,6.65
2010-08-13,32.03,47135321,2.22,"1,071.69","1,215.40",83.16,6.5
2010-08-20,31.61,29620246,1.59,"1,064.59","1,227.60",82.968,6.18
2010-08-27,32.37,40511305,1.6,"1,104.51","1,236.60",82.124,6.4
2010-09-03,33.91,37639493,2.49,"1,109.55","1,250.70",82.701,6.32
2010-09-10,34.49,31832059,1.31,"1,125.59","1,246.10",81.641,6.48
2010-09-17,34.13,40428467,1.36,"1,148.67","1,276.80",79.599,6.72
2010-09-24,35.73,34521676,1.59,"1,146.24","1,297.30",78.313,6.43
2010-10-01,35.43,38139716,1.12,"1,165.15","1,317.80",77.563,6.63
2010-10-08,34.35,36318456,1.36,"1,176.19","1,345.30",77.268,6.64
2010-10-15,35.98,39666082,2.19,"1,183.08","1,372.00",77.685,6.89
2010-10-22,37.26,45063314,2.34,"1,183.26","1,325.10",77.457,7.04
2010-10-29,36.05,41186704,2.25,"1,225.85","1,358.70",76.691,7.4
2010-11-05,36.86,42420449,1.75,"1,199.21","1,398.80",78.231,7.17
2010-11-12,36.67,31555345,1.53,"1,199.73","1,366.60",78.594,7.32
2010-11-19,36,53104350,1.99,"1,189.40","1,353.40",80.433,7.17
2010-11-26,35.88,30830060,1.85,"1,224.71","1,363.40",79.407,7.54
2010-12-03,37.82,47937484,3.01,"1,240.40","1,406.20",80.066,7.61
2010-12-10,36.67,35746285,1.45,"1,243.91","1,384.90",80.752,7.83
2010-12-17,35.05,61453447,2.92,"1,256.77","1,379.20",80.832,7.94
2010-12-24,35.77,22205862,1.12,"1,257.64","1,380.50",79.288,7.91
2010-12-31,36.11,15180562,0.83,"1,271.50","1,422.50",81.321,7.79
2011-01-07,38.45,36059917,2.17,"1,293.24","1,369.80",79.366,8.12
2011-01-14,40.77,36347081,2.89,"1,283.35","1,361.40",78.37,8.1
2011-01-21,40.41,34840956,1.65,"1,276.34","1,341.80",78.28,8.17
2011-01-28,40.93,47868712,2.79,"1,310.87","1,341.70",78.157,8.85
2011-02-04,42.49,43851914,3.38,"1,329.15","1,349.00",78.565,9.37
2011-02-11,42.38,28473259,1.45,"1,340.43","1,360.40",77.72,9.7
2011-02-18,42.84,23996914,1.68,"1,319.88","1,388.60",77.3,9.47
2011-02-25,42.52,29655895,1.95,"1,321.15","1,410.70",76.416,9.34
2011-03-04,44.45,33792293,2.54,"1,304.28","1,429.30",76.77,9.06
2011-03-11,43.59,25247934,1.65,"1,279.20","1,422.50",75.971,8.26
2011-03-18,42.6,29308319,1.97,"1,313.80","1,416.80",76.485,8.43
2011-03-25,43.75,20564522,1.63,"1,332.41","1,426.90",76.083,9.41
2011-04-01,45.61,24166438,2.24,"1,328.17","1,428.90",75.273,9.48
2011-04-08,44.38,26048906,1.95,"1,319.68","1,474.10",75.028,9.4
2011-04-15,44.98,25282312,1.33,"1,337.38","1,486.00",74.18,9.18
2011-04-22,47.81,36007392,5.6,"1,363.61","1,503.80",73.107,9.04
2011-04-29,49.23,45150077,2.52,"1,340.20","1,557.00",75.08,8.86
2011-05-06,50.12,36999127,1.29,"1,337.78","1,492.20",75.938,8.97
2011-05-13,49.95,33919060,2.39,"1,333.27","1,494.20",75.579,8.5
2011-05-20,49.74,37332402,1.4,"1,331.10","1,509.40",75.018,8.46
2011-05-27,48.3,43727971,2.5,"1,300.16","1,537.30",73.807,8.04
2011-06-03,48.85,29234593,1.24,"1,270.98","1,542.40",74.798,7.93
2011-06-10,49.41,36364067,3.04,"1,271.50","1,529.20",75.461,7.92
2011-06-17,49.96,41119183,1.69,"1,268.45","1,539.10",76.21,7.8
2011-06-24,50.46,43148628,2.99,"1,339.67","1,500.90",74.674,8.71
2011-07-01,53.13,30679655,3.15,"1,343.80","1,483.10",75.514,8.46
2011-07-08,52.08,24627574,1.96,"1,316.14","1,542.30",75.52,7.9
2011-07-15,51.97,31736786,1.9,"1,345.02","1,590.60",74.412,8.07
2011-07-22,52.75,42505404,2.95,"1,292.28","1,602.20",74.036,8.02
2011-07-29,49.63,41250749,4.72,"1,199.38","1,629.90",74.802,7.6
2011-08-05,45.56,66061897,6.11,"1,178.81","1,650.20",74.743,7.66
2011-08-12,44.81,72709620,4.07,"1,123.53","1,741.00",74.106,7.07
2011-08-19,43.32,41717713,3.23,"1,176.80","1,850.10",73.869,7.58
2011-08-26,45.72,34427079,3.28,"1,173.97","1,795.10",74.839,7.52
2011-09-02,45.73,28159784,2.8,"1,154.23","1,875.50",77.3,7.42
2011-09-09,45.52,30132398,3.91,"1,216.01","1,858.30",76.593,8.42
2011-09-16,50.76,53373258,6.74,"1,136.43","1,813.50",79.228,8.13
2011-09-23,47.6,41594211,4.91,"1,131.42","1,638.60",79.075,7.71
2011-09-30,46.12,42156572,4.78,"1,155.46","1,622.30",79.149,8.04
2011-10-07,44.89,46712701,4.9,"1,224.58","1,635.80",76.907,8.49
2011-10-14,47.22,27767587,2.15,"1,238.25","1,683.00",76.628,8.37
2011-10-21,47.92,59327104,5.64,"1,285.09","1,636.10",75.216,8.56
2011-10-28,48.85,41414607,2.33,"1,253.23","1,749.30",77.162,8.43
2011-11-04,45.58,39883512,3.87,"1,263.85","1,757.10",77.131,8.84
2011-11-11,47.13,32012677,2.71,"1,215.65","1,789.20",78.255,8.56
2011-11-18,44.55,31819580,3.26,"1,158.67","1,727.00",79.831,8.18
2011-11-25,43.67,19915809,1.57,"1,244.28","1,687.30",78.731,8.63
2011-12-02,48.23,41648051,4.67,"1,255.19","1,751.30",78.681,8.51
2011-12-09,48.91,40998178,1.88,"1,219.66","1,716.80",80.249,8.01
2011-12-16,49,37298561,1.87,"1,265.33","1,597.90",80.236,8.23
2011-12-23,51.35,27150511,2.66,"1,257.60","1,606.00",80.522,8.17
2011-12-30,50.68,11938112,1.05,"1,277.81","1,568.00",81.597,8.14
2012-01-06,52.78,23078936,2.31,"1,289.09","1,566.80",81.791,8.27
2012-01-13,52.7,25970769,1.31,"1,315.38","1,618.10",80.406,8.45
2012-01-20,52.27,42416434,2.76,"1,316.33","1,616.80",79.011,8.66
2012-01-27,51.02,51659519,3.23,"1,344.90","1,632.20",79.057,8.36
2012-02-03,51.31,36173043,3.54,"1,342.64","1,665.20",79.226,8.67
2012-02-10,53.32,36033420,2.85,"1,361.23","1,734.00",79.456,8.94
2012-02-17,54.68,31992511,1.51,"1,365.74","1,740.30",78.401,8.9
2012-02-24,55.65,26462478,1.09,"1,369.63","1,725.30",79.462,8.7
2012-03-02,55.84,24151784,0.91,"1,370.87","1,725.90",80.084,8.71
2012-03-09,55.78,23286979,1.99,"1,404.17","1,776.40",79.734,8.87
2012-03-16,55.59,30869575,1.55,"1,397.11","1,711.10",79.576,8.88
2012-03-23,53.66,31001387,2.94,"1,408.47","1,712.70",79.138,8.63
2012-03-30,58.94,46050971,5.57,"1,398.08","1,656.60",80.293,8.51
2012-04-06,59.01,26673166,1.5,"1,370.26","1,663.20",80.055,8.19
2012-04-13,58.05,27066990,1.65,"1,378.53","1,671.90",79.313,8.35
2012-04-20,59.51,38208764,2.72,"1,403.36","1,630.10",78.757,8.38
2012-04-27,57.91,31879429,3.03,"1,369.10","1,660.20",79.587,7.89
2012-05-04,54.72,33028472,2.82,"1,353.39","1,642.80",80.404,7.79
2012-05-11,55.2,23396669,1.71,"1,295.22","1,666.00",81.424,7.33
2012-05-18,53.99,26070458,1.92,"1,317.82","1,646.30",82.523,7.35
2012-05-25,56.12,26828574,2.66,"1,278.04","1,585.10",82.973,7.13
2012-06-01,55.04,21454020,1.53,"1,325.66","1,593.00",82.562,7.37
2012-06-08,58,32052869,3.7,"1,342.84","1,570.00",81.605,7.16
2012-06-15,58.9,34307888,2.85,"1,335.02","1,622.10",82.442,7.26
2012-06-22,59.07,35485183,2.57,"1,362.16","1,591.40",81.753,7.56
2012-06-29,58.5,57881430,5.26,"1,354.68","1,628.10",83.561,7.41
2012-07-06,55.82,32854488,4.56,"1,356.78","1,566.90",83.474,7.52
2012-07-13,55.2,26352507,2.22,"1,362.66","1,605.30",83.573,7.46
2012-07-20,55.41,39505242,3.97,"1,385.97","1,580.00",82.765,7.75
2012-07-27,53.34,52282299,4.21,"1,390.99","1,593.20",82.446,7.65
2012-08-03,51.61,35632892,3.39,"1,405.87","1,583.90",82.631,7.79
2012-08-10,51.9,27563671,1.94,"1,418.16","1,619.20",82.663,7.86
2012-08-17,53.13,22620773,2.23,"1,411.13","1,607.10",81.603,7.59
2012-08-24,54.16,24214781,1.6,"1,406.58","1,620.70",81.216,7.62
2012-08-31,54.3,24256599,1.15,"1,437.92","1,617.30",80.234,7.91
2012-09-07,54.88,15876354,1.26,"1,465.77","1,670.70",78.841,8.16
2012-09-14,54.25,38910831,2.69,"1,460.15","1,686.40",79.398,7.93
2012-09-21,56.18,50690170,2.21,"1,440.67","1,739.30",80.025,7.76
2012-09-28,55.41,28432744,1.57,"1,460.93","1,771.40",79.428,7.86
2012-10-05,57.13,25891752,2.63,"1,428.59","1,776.70",79.74,7.75
2012-10-12,57.07,24605668,1.37,"1,433.19","1,773.90",79.688,8.09
2012-10-19,55.66,29070194,2.48,"1,411.94","1,780.80",80.156,7.92
2012-10-26,55.78,23874426,1.38,"1,414.20","1,759.70",80.683,8.01
2012-11-02,56.05,13943297,1.73,"1,379.85","1,724.00",81.098,7.86
2012-11-09,52.9,42286230,3.85,"1,359.88","1,711.90",81.31,7.65
2012-11-16,51.9,30463297,2.42,"1,409.15","1,676.20",80.236,7.93
2012-11-23,53.92,17412855,2.08,"1,416.18","1,731.90",80.163,8.08
2012-11-30,54.39,38026888,2.64,"1,418.07","1,715.70",80.402,7.9
2012-12-07,53.87,22300527,1.67,"1,413.58","1,752.50",79.56,8.07
2012-12-14,54.05,24518700,2.08,"1,430.15","1,712.70",79.712,8.5
2012-12-21,55.03,30980472,1.54,"1,402.43","1,705.50",79.785,8.3
2012-12-28,53.86,11329204,1.25,"1,466.47","1,697.00",80.61,8.83
2013-01-04,52.09,35186644,3.15,"1,472.05","1,660.10",79.611,8.86
2013-01-11,52.82,37862551,2.04,"1,485.98","1,658.10",80.116,9.04
2013-01-18,54.56,40862031,2.03,"1,502.96","1,649.90",79.82,9.23
2013-01-25,56.04,25846034,1.88,"1,513.17","1,661.60",79.135,9.55
2013-02-01,55.77,32652275,1.48,"1,517.93","1,688.00",80.316,9.82
2013-02-08,57.74,29312946,2.94,"1,519.79","1,657.60",80.576,10.36
2013-02-15,57.32,23801386,0.96,"1,515.60","1,670.60",81.585,10.45
2013-02-22,54.47,36876270,2.84,"1,518.20","1,666.90",82.358,10.53
2013-03-01,53.52,31126875,2.24,"1,551.18","1,609.50",82.731,10.67
2013-03-08,53.81,24302011,1.12,"1,560.70","1,572.80",82.256,10.86
2013-03-15,54.73,26778335,1.25,"1,556.89","1,573.10",82.529,10.79
2013-03-22,54.46,26362686,1.3,"1,569.19","1,577.90",83.175,10.77
2013-03-29,57.21,25414278,2.87,"1,553.28","1,593.60",82.603,9.59
2013-04-05,62.1,56307700,6.94,"1,588.85","1,607.00",82.406,9.73
2013-04-12,63.03,22258314,1.99,"1,555.25","1,595.70",82.846,9.32
2013-04-19,60.04,38583627,5.12,"1,582.24","1,575.90",82.571,9.64
2013-04-26,59.48,29667672,2.03,"1,614.42","1,501.40",82.195,10.15
2013-05-03,58.92,26689235,1.62,"1,633.70","1,395.60",83.231,10.17
2013-05-10,62.91,31908091,3.67,"1,667.47","1,453.60",84.387,10.42
2013-05-17,62.84,28436621,2.14,"1,649.60","1,464.80",83.758,10.24
2013-05-24,62.06,21431474,1.78,"1,630.74","1,437.00",83.401,10.49
2013-05-31,62.63,21915999,2.5,"1,643.38","1,365.30",81.66,10.96
2013-06-07,62.57,24218746,2.16,"1,626.73","1,387.00",80.65,10.87
2013-06-14,63.8,22713007,1.99,"1,592.43","1,393.00",82.517,10.86
2013-06-21,63.9,30086651,2.73,"1,606.28","1,383.00",83.376,10.93
2013-06-28,65.48,26901642,2.73,"1,631.89","1,387.60",84.689,11.1
2013-07-05,66.17,12856678,1.71,"1,680.19","1,292.00",83.163,11.43
2013-07-12,68,26085273,2.39,"1,692.09","1,224.20",82.711,11.3
2013-07-19,71.45,39768550,6.17,"1,691.65","1,213.30",81.764,10.97
2013-07-26,72.21,22663939,1.75,"1,709.67","1,278.10",81.978,10.99
2013-08-02,72.26,22052206,1.73,"1,691.42","1,293.20",81.17,10.64
2013-08-09,72.93,13501132,1.4,"1,655.83","1,321.40",81.293,10.26
2013-08-16,71.43,15476629,2.39,"1,663.50","1,310.30",81.392,10.28
2013-08-23,72.54,15401418,1.38,"1,632.97","1,312.30",82.142,9.95
2013-08-30,71.74,19155572,1.77,"1,655.17","1,371.00",82.167,10.17
2013-09-06,74.06,13582395,3,"1,687.99","1,395.60",81.448,10.42
2013-09-13,74.48,16621582,1.72,"1,709.91","1,395.90",80.549,10.69
2013-09-20,70.57,34512286,5.48,"1,691.75","1,386.30",80.377,10.73
2013-09-27,71.99,20114040,2.32,"1,690.50","1,308.40",80.22,10.97
2013-10-04,72.99,20551520,2.13,"1,703.20","1,332.50",80.452,11.06
2013-10-11,74.27,23131638,3.09,"1,744.50","1,339.20",79.727,11.38
2013-10-18,68.76,52745787,7.95,"1,759.77","1,309.90",79.246,11.9
2013-10-25,67.62,40619712,2.54,"1,761.64","1,268.20",80.81,11.76
2013-11-01,68.63,25885710,1.99,"1,770.61","1,314.60",81.387,11.98
2013-11-08,70.5,20760549,2.75,"1,798.18","1,352.50",80.898,12.36
2013-11-15,71.87,18022160,2.15,"1,804.76","1,313.60",80.742,13.2
2013-11-22,73.74,20110517,2.49,"1,805.81","1,285.10",80.657,13.1
2013-11-29,74.48,14075420,1.2,"1,805.09","1,287.80",80.315,12.96
2013-12-06,73.5,22986621,1.91,"1,775.32","1,244.30",80.22,12.85
2013-12-13,70.48,25591722,3.95,"1,818.32","1,250.40",80.75,13.32
2013-12-20,73.35,25497783,3.53,"1,841.40","1,229.00",80.538,13.31
2013-12-27,74.69,9505859,1.61,"1,831.37","1,234.60",80.955,13.26
2014-01-03,75.1,10537090,1.45,"1,842.37","1,203.70",80.754,13.31
2014-01-10,74.7,29076217,3.21,"1,838.70","1,214.00",81.362,13.24
2014-01-17,72.52,32525673,2.85,"1,790.29","1,239.00",80.541,12.53
2014-01-24,71.6,21993956,2.55,"1,782.59","1,247.30",81.403,12.72
2014-01-31,72.28,21717309,2.2,"1,797.02","1,252.10",80.758,12.51
2014-02-07,71.36,25293686,2.41,"1,838.63","1,264.40",80.179,12.91
2014-02-14,73.52,28103635,4.27,"1,836.25","1,239.80",80.27,12.98
2014-02-21,73.81,18160986,1.39,"1,859.45","1,262.90",79.72,12.8
2014-02-28,77.27,29168947,3.71,"1,878.04","1,318.60",79.722,13.6
2014-03-07,77.4,20414170,2.04,"1,841.13","1,323.60",79.438,13.11
2014-03-14,75.7,17640429,2.8,"1,866.52","1,321.70",80.261,12.51
2014-03-21,81.34,35863454,7.23,"1,857.62","1,338.60",80.335,12.24
2014-03-28,81.62,27047645,1.57,"1,865.09","1,379.20",80.571,12.1
2014-04-04,81.53,20689393,1.78,"1,815.69","1,336.00",79.523,11.59
2014-04-11,78.95,20916978,3.17,"1,864.85","1,294.30",79.903,11.67
2014-04-18,75.78,30258337,6.11,"1,863.40","1,303.50",79.818,12.02
2014-04-25,75.66,27778780,2.5,"1,881.14","1,319.00",79.563,12.28
2014-05-02,75.03,24988508,2.32,"1,878.48","1,293.90",79.961,12.12
2014-05-09,76.95,23996559,3.76,"1,877.86","1,300.80",80.107,12.02
2014-05-16,76.65,14854940,2.21,"1,900.53","1,303.10",80.45,12.15
2014-05-23,78.77,12755309,2.64,"1,923.57","1,287.80",80.404,12.63
2014-05-30,79.63,13562736,1.66,"1,949.44","1,293.50",80.427,12.54
2014-06-06,79.93,15120652,1.47,"1,936.16","1,291.80",80.656,12.24
2014-06-13,79.18,12819540,1.74,"1,962.87","1,246.00",80.441,12.59
2014-06-20,81.41,24712517,3.96,"1,960.96","1,252.50",80.086,12.75
2014-06-27,82,19058702,1.67,"1,985.44","1,274.10",80.281,13.31
2014-07-04,83.35,15275388,2.37,"1,967.57","1,316.60",80.229,13.04
2014-07-11,82.87,15198025,2.08,"1,978.22","1,320.10",80.595,13.66
2014-07-18,85.52,23142307,4.03,"1,978.34","1,321.10",81.125,14.12
2014-07-25,84.68,18373323,2.76,"1,925.15","1,337.40",81.377,13.99
2014-08-01,81.49,24247311,5.35,"1,931.59","1,338.00",81.454,13.88
2014-08-08,80.12,20293087,3.79,"1,955.06","1,310.00",81.469,14.04
2014-08-15,81.47,14400233,2.75,"1,988.40","1,304.00",82.377,14.26
2014-08-22,83.78,13662804,2.75,"2,003.37","1,294.10",82.783,14.49
2014-08-29,86.68,16112830,3.28,"2,007.71","1,310.10",83.757,14.37
2014-09-05,87.75,14074121,2.69,"1,985.54","1,305.40",84.24,14.62
2014-09-12,86.18,15685809,2.99,"2,010.40","1,279.30",84.865,14.63
2014-09-19,87.8,17788678,2.89,"1,982.85","1,287.20",85.767,14.13
2014-09-26,86.6,13554690,2.55,"1,967.90","1,266.90",86.823,14.25
2014-10-03,86.02,16253293,3.35,"1,906.13","1,230.90",86.031,13.79
2014-10-10,85.39,19273857,3.02,"1,886.76","1,216.00",85.213,13.39
2014-10-17,88.18,36682259,8.09,"1,964.58","1,214.80",85.818,13.63
2014-10-24,91.64,21204985,3.7,"2,018.05","1,192.90",87.016,14.42
2014-10-31,95.01,20898576,5.31,"2,031.92","1,221.70",87.726,14.63
2014-11-07,93.61,21795337,3.63,"2,039.82","1,239.00",87.593,14.59
2014-11-14,95.11,14753944,3.24,"2,063.50","1,231.80",88.405,14.7
2014-11-21,96.71,18777538,3.77,"2,067.56","1,172.00",88.413,14.97
2014-11-28,98.63,13008398,2.91,"2,075.37","1,170.20",89.36,15.23
2014-12-05,100.33,24073740,3.32,"2,002.33","1,185.90",88.345,15.37
2014-12-12,98.76,16813748,2.4,"2,070.65","1,198.00",89.841,16.23
2014-12-19,102.49,27395609,8.25,"2,088.77","1,175.50",90.31,16.23
2014-12-26,102.55,8406025,1.77,"2,058.20","1,190.40",91.383,15.95
2015-01-02,100.78,8859607,3.67,"2,044.81","1,222.50",92.147,16.17
2015-01-09,103.72,20121843,6.52,"2,019.42","1,196.00",92.89,15.43
2015-01-16,105.77,23567943,4.82,"2,051.82","1,195.30",95.053,15.52
2015-01-23,112,28131618,9.82,"1,994.99","1,186.60",94.998,15.2
2015-01-30,106.25,25864967,5.86,"2,055.47","1,216.50",94.851,16.41
2015-02-06,107.6,20577682,4.74,"2,096.99","1,277.40",94.279,16.49
2015-02-13,109.44,20251229,4.5,"2,110.30","1,293.20",94.34,16.98
2015-02-20,112.62,13711206,4.3,"2,104.50","1,279.20",95.321,16.72
2015-02-27,113.63,21631816,3.73,"2,071.26","1,234.60",97.604,16.73
2015-03-06,112.88,15435157,4.07,"2,053.40","1,227.10",100.314,16.75
2015-03-13,115.25,16818582,2.93,"2,108.10","1,204.90",98.171,16.81
2015-03-20,119.14,24757002,5.71,"2,061.02","1,213.50",97.52,16.57
2015-03-27,118.01,16481522,5.88,"2,066.96","1,164.80",96.801,16.7
2015-04-03,117.36,17074244,7.22,"2,102.06","1,152.80",99.596,16.86
2015-04-10,119,12179368,3.88,"2,081.18","1,185.00",97.707,16.22
2015-04-17,118.71,25958855,5.77,"2,117.69","1,200.30",97.099,16.19
2015-04-24,118.69,18260937,3.37,"2,108.29","1,200.90",95.445,16.35
2015-05-01,113.2,28948738,8.29,"2,116.10","1,204.60",94.904,16.85
2015-05-08,115.68,17227520,3.93,"2,122.73","1,203.10",93.18,17.06
2015-05-15,119.33,18743703,5.52,"2,126.06","1,175.00",96.11,17.54
2015-05-22,119.59,15687826,3.01,"2,107.39","1,175.00",96.986,17.25
2015-05-29,120.21,14795635,3.92,"2,092.83","1,189.40",96.361,16.84
2015-06-05,116.53,17558551,5.2,"2,094.11","1,225.80",94.987,16.91
2015-06-12,117.65,17217129,4.15,"2,109.99","1,204.40",94.272,16.79
2015-06-19,120.33,26499644,6.2,"2,101.49","1,189.80",95.651,16.57
2015-06-26,123.25,36570986,5.01,"2,076.78","1,168.10",96.29,16.38
2015-07-03,121.81,15538210,2.88,"2,076.62","1,179.20",96.172,16.83
2015-07-10,122.15,24357769,5.29,"2,126.64","1,201.90",97.989,17.28
2015-07-17,123.85,23944522,4.24,"2,079.65","1,173.20",97.346,17.3
2015-07-24,117.94,19544540,6.65,"2,103.84","1,164.10",97.439,17.01
2015-07-31,121.4,20218562,6.06,"2,077.57","1,157.90",97.619,17.64
2015-08-07,121.82,13719433,4.5,"2,091.54","1,158.40",96.533,18.09
2015-08-14,121.02,13580128,4.29,"1,970.89","1,132.20",95.005,17.18
2015-08-21,116.28,19313143,10.2,"1,988.87","1,085.70",96.135,17.16
2015-08-28,117.28,33552732,22.84,"1,921.22","1,094.70",96.24,16.77
2015-09-04,112.36,19799817,7.52,"1,961.05","1,093.80",95.194,17.25
2015-09-11,118.7,17021955,5.2,"1,958.03","1,112.40",94.996,16.82
2015-09-18,122.47,22158078,7.97,"1,931.34","1,159.20",96.434,17.83
2015-09-25,116.37,23970331,9.04,"1,951.36","1,133.70",95.967,17.54
2015-10-02,118.83,22797029,7.84,"2,014.89","1,121.10",94.883,17.7
2015-10-09,119.27,20568743,5.74,"2,033.11","1,103.30",94.588,18.32
2015-10-16,119.98,30516287,10.03,"2,075.15","1,138.00",97.243,19.57
2015-10-23,115.92,28296928,11.5,"2,079.36","1,145.60",97.019,19.3
2015-10-30,117.78,19285951,6.67,"2,099.20","1,136.60",99.26,19.41
2015-11-06,114.81,20143875,6.32,"2,023.04","1,155.90",99.097,18.86
2015-11-13,111.41,15080215,5.68,"2,089.17","1,183.10",99.624,19.99
2015-11-20,112.97,30541283,7.92,"2,090.11","1,162.80",100.073,19.62
2015-11-27,114.34,11724956,4.84,"2,091.69","1,141.80",98.343,19.65
2015-12-04,117.74,24018188,6.76,"2,012.37","1,088.10",97.551,18.29
2015-12-11,115.98,17588725,3.94,"2,005.55","1,081.20",98.731,18.64
2015-12-18,115.82,22011508,6.66,"2,060.99","1,076.30",98.016,19.33
2015-12-25,118.34,9386411,3.18,"2,043.94","1,056.20",98.745,19.39
2016-01-01,117.64,7730418,3.05,"1,922.03","1,084.10",98.599,18.6
2016-01-08,110.16,20184166,8.13,"1,880.33","1,075.70",99.02,18.83
2016-01-15,109.27,22593001,5.62,"1,906.90","1,065.00",99.651,19.24
2016-01-22,114.33,24539234,6.14,"1,940.24","1,075.90",99.652,20.67
2016-01-29,115.16,21027837,4.7,"1,880.05","1,060.50",97.054,19.8
2016-02-05,111.72,17732611,5.85,"1,864.78","1,098.10",95.982,20.44
2016-02-12,111.82,18260835,5.65,"1,917.78","1,090.70",96.604,20.98
2016-02-19,117.68,16239252,7.47,"1,948.05","1,096.00",98.175,21.28
2016-02-26,121.33,15578172,4.43,"1,999.99","1,116.40",97.343,21.65
2016-03-04,121.8,16430556,3.25,"2,022.19","1,157.70",96.172,21.99
2016-03-11,125.1,13336142,4.91,"2,049.58","1,239.40",95.12,21.5
2016-03-18,126.72,16256176,4.86,"2,035.94","1,230.80",96.173,21.34
2016-03-25,128.59,16971411,4.67,"2,072.78","1,220.70",94.618,22.03
2016-04-01,129.92,14080286,3.09,"2,047.60","1,271.10",94.252,21.22
2016-04-08,125.68,17102356,5.44,"2,080.73","1,259.90",94.686,21.48
2016-04-15,127.33,13108645,3.26,"2,091.58","1,254.80",95.08,21.33
2016-04-22,134.13,20946807,8.51,"2,065.30","1,222.20",93.054,20.57
2016-04-29,131.68,16191919,5.68,"2,057.14","1,223.50",93.883,21.34
2016-05-06,132.04,14102688,2.69,"2,046.61","1,243.80",94.593,21.23
2016-05-13,129,14213846,5.45,"2,052.32","1,234.60",95.343,21.21
2016-05-20,130.94,12308547,3.26,"2,099.06","1,230.00",95.5,21.89
2016-05-27,134,11283006,4.52,"2,099.13","1,291.50",94.028,21.69
2016-06-03,136.84,13892730,4.1,"2,096.07","1,295.10",94.561,21.86
2016-06-10,139.24,18572165,4.38,"2,071.22","1,273.80",94.34,21.29
2016-06-17,137.69,15760591,3.75,"2,037.41","1,254.40",95.574,21
2016-06-24,137.29,15250061,4.83,"2,102.95","1,216.70",95.714,21.59
2016-07-01,140.86,19504401,6.31,"2,129.90","1,242.90",96.327,21.96
2016-07-08,141.27,14953661,3.41,"2,161.74","1,275.90",96.563,22.5
2016-07-15,141.33,18304671,3.48,"2,175.03","1,294.80",97.516,22.6
2016-07-22,143.69,21181286,5.16,"2,173.60","1,322.40",95.491,23.59
2016-07-29,143.2,13864470,3.99,"2,182.87","1,340.40",96.136,23.73
2016-08-05,142.99,11028518,1.9,"2,184.05","1,360.50",95.682,23.38
2016-08-12,142.88,9498800,2.21,"2,183.87","1,329.30",94.483,23.48
2016-08-19,142.04,9429556,2.78,"2,169.04","1,325.30",95.542,23.5
2016-08-26,136.62,13386768,7.01,"2,179.98","1,353.10",95.844,23.89
2016-09-02,136.61,12335583,2.69,"2,127.81","1,339.50",95.328,22.99
2016-09-09,133.62,11208026,3.23,"2,139.16","1,338.90",96.105,23.16
2016-09-16,138.47,22135632,6.16,"2,164.69","1,342.20",95.392,23.15
2016-09-23,140.51,14992140,4.72,"2,168.27","1,322.60",95.385,22.51
2016-09-30,140,14040509,3.87,"2,153.74","1,324.90",96.654,22.34
2016-10-07,136.66,16396278,4.06,"2,132.98","1,332.10",97.997,22.41
2016-10-14,133.92,17105996,4.74,"2,141.16","1,307.80",98.686,22.06
2016-10-21,145.37,28075611,13.33,"2,126.41","1,339.30",98.342,21.36
2016-10-28,140.35,16683867,6.78,"2,085.18","1,317.10",97.088,21.56
2016-11-04,137.71,16812613,3.89,"2,164.45","1,251.90",99.05,22.15
2016-11-11,146.42,26878958,11.28,"2,181.90","1,255.50",101.283,21.95
2016-11-18,149.45,24897993,6.92,"2,213.35","1,267.70",101.546,21.9
2016-11-25,152.81,13363275,5.94,"2,191.95","1,278.60",100.861,21.29
2016-12-02,160.73,26728846,12.52,"2,259.53","1,306.50",101.62,22.87
2016-12-09,160.12,21038024,4.44,"2,258.07","1,225.60",102.954,22.69
2016-12-16,163.94,23253835,6.25,"2,263.79","1,210.10",103.002,22.39
2016-12-23,163.03,15418055,4.32,"2,238.83","1,179.60",102.286,22.37
2016-12-30,160.04,8344949,4.11,"2,276.98","1,177.80",102.209,22.82
2017-01-06,162.41,12277851,3.79,"2,274.64","1,161.90",101.188,22.57
2017-01-13,161.8,15610941,2.48,"2,271.31","1,137.40",100.69,22.45
2017-01-20,158.66,20622859,6.88,"2,294.69","1,133.60",100.526,22.79
2017-01-27,162.99,18494414,7.24,"2,297.42","1,152.90",99.842,23.45
2017-02-03,161.87,17016582,3.89,"2,316.10","1,151.70",100.791,23.26
2017-02-10,160.75,13724066,3.12,"2,351.16","1,174.80",100.951,23.84
2017-02-17,157.62,26006615,8.48,"2,367.34","1,173.40",101.09,23.82
2017-02-24,163.06,13319720,5.57,"2,383.12","1,197.50",101.548,23.7
2017-03-03,168.2,16111964,5.79,"2,372.60","1,206.00",101.247,23.65
2017-03-10,169.98,14675218,3.2,"2,378.25","1,189.80",100.115,23.63
2017-03-17,169.7,17169762,3.64,"2,343.98","1,220.80",99.442,23.28
2017-03-24,165,21072673,5.89,"2,362.72","1,235.90",100.218,23.15
2017-03-31,164.01,24099404,3.33,"2,355.54","1,239.10",101.117,23.07
2017-04-07,166.02,15753370,3.01,"2,328.95","1,258.30",100.463,22.7
2017-04-14,164.96,11366298,2.4,"2,348.69","1,228.10",99.88,23.3
2017-04-21,171.16,21259654,7.66,"2,384.20","1,203.00",98.898,22.96
2017-04-28,174.88,13491673,4.37,"2,399.29","1,231.70",98.528,22.64
2017-05-05,174.12,16057352,5.87,"2,390.90","1,250.10",99.131,22.52
2017-05-12,171.81,9965274,3.25,"2,381.73","1,251.20",97.03,22.48
2017-05-19,172.59,19390216,7.33,"2,415.82","1,257.30",97.364,22.53
2017-05-26,177.5,12401311,6.29,"2,439.07","1,288.50",96.67,22.5
2017-06-02,179.39,11106763,5,"2,431.77","1,289.10",97.239,23.51
2017-06-09,181.46,15340442,5.28,"2,433.15","1,270.00",97.146,23.72
2017-06-16,181.63,15755944,7.08,"2,438.30","1,228.50",96.942,23.29
2017-06-23,185.25,16775613,7.9,"2,423.41","1,229.30",95.421,23.83
2017-06-30,185.42,12047025,3.41,"2,425.18","1,255.20",95.792,23.88
2017-07-07,187.96,8771462,2.71,"2,459.27","1,269.70",94.93,23.69
2017-07-14,186.9,13715126,3.23,"2,472.54","1,280.20",93.679,24.25
2017-07-21,191.78,18091747,9.14,"2,472.10","1,271.40",93.114,24.79
2017-07-28,191.15,11556292,4.88,"2,476.83","1,256.50",93.416,25.04
2017-08-04,194.88,15355558,4.9,"2,441.32","1,256.40",92.956,25.17
2017-08-11,193.02,10836585,3.01,"2,425.55","1,244.10",93.359,24.97
2017-08-18,190.82,11098060,4.64,"2,443.05","1,211.40",92.677,25.25
2017-08-25,194.36,8797843,4.66,"2,476.55","1,229.10",92.769,25.12
2017-09-01,199.75,10821130,5.66,"2,461.43","1,256.00",91.326,24.78
2017-09-08,197.75,10632194,3.44,"2,500.23","1,271.90",91.863,24.92
2017-09-15,198.18,14834221,3.85,"2,502.22","1,261.30",91.967,25.47
2017-09-22,193.03,16077897,10.57,"2,519.36","1,290.70",92.883,25.86
2017-09-29,195.85,13882816,5.63,"2,549.33","1,288.30",93.641,24.63
2017-10-06,198.06,15144563,4.4,"2,553.17","1,294.50",92.935,24.78
2017-10-13,192.52,17190537,12.32,"2,575.21","1,328.50",93.579,24.31
2017-10-20,207.49,25284088,16.85,"2,581.07","1,349.10",94.822,24.11
2017-10-27,212.6,17360894,6.97,"2,587.84","1,322.90",94.858,24.13
2017-11-03,212.87,13152856,6.03,"2,582.30","1,294.90",94.278,24.52
2017-11-10,211.07,9625744,4.8,"2,578.85","1,284.80",93.575,25.32
2017-11-17,209.9,10279616,4.39,"2,602.42","1,274.90",92.707,25.75
2017-11-24,212.51,7369637,3.35,"2,642.22","1,304.60",92.841,26.42
2017-12-01,226.78,20181696,17.41,"2,651.50","1,280.50",93.874,26.26
2017-12-08,223.91,16130364,13.58,"2,675.81","1,271.80",93.929,25.84
2017-12-15,221.82,16058101,6.34,"2,683.34","1,270.80",92.924,25.36
2017-12-22,220,13082568,6.44,"2,673.61","1,275.90",91.826,25.61
2017-12-29,220.46,7147110,4.86,"2,743.15","1,298.20",91.673,26.4
2018-01-05,228.73,11084402,9.05,"2,786.24","1,289.20",90.735,27.14
2018-01-12,228.64,14322000,6.87,"2,810.30","1,282.30",90.37,26.69
2018-01-19,243.35,22505219,13.1,"2,872.87","1,248.40",88.891,27.12
2018-01-26,248.47,15081281,7.38,"2,762.13","1,257.50",89.036,26.78
2018-02-02,231.88,27545846,19.6,"2,619.55","1,278.80",90.334,25.37
2018-02-09,220.96,30071672,24.63,"2,732.22","1,311.40",89.013,26.34
2018-02-16,229.37,19611502,8.81,"2,747.30","1,309.30",89.808,26.83
2018-02-23,230.16,11706260,5.24,"2,691.25","1,324.50",89.906,26.86
2018-03-02,225.19,16703265,13.3,"2,786.57","1,322.30",90.065,28.84
2018-03-09,225.43,16857737,6.93,"2,752.01","1,337.20",90.212,27.99
2018-03-16,227.86,18529841,8.5,"2,588.26","1,335.30",89.033,26.91
2018-03-23,212.55,21892135,15.47,"2,640.87","1,354.40",89.812,28.74
2018-03-30,214,15992276,9.35,"2,604.47","1,337.30",89.782,28.4
2018-04-06,223.96,22126510,16.95,"2,656.30","1,315.70",89.503,28.64
2018-04-13,224.28,14447904,6.47,"2,670.14","1,356.20",90.075,29.14
2018-04-20,235.06,19207919,15.32,"2,669.91","1,330.30",91.343,29.6
2018-04-27,240.18,13496233,10.1,"2,663.42","1,325.90",92.408,29.23
2018-05-04,235.9,14354450,11.69,"2,727.72","1,326.70",92.411,30.18
2018-05-11,238.28,14654087,10.57,"2,712.97","1,314.80",93.544,30.02
2018-05-18,244.64,12898833,6.19,"2,721.33","1,352.40",94.13,30.93
2018-05-25,244.95,12897984,7.53,"2,734.62","1,327.30",94.169,30.7
2018-06-01,243.35,10247230,5.51,"2,779.03","1,336.10",93.537,31.71
2018-06-08,250.68,11522772,9.59,"2,779.66","1,347.90",94.782,31.64
2018-06-15,255.98,15709492,6.56,"2,754.88","1,338.30",94.18,31.2
2018-06-22,254.37,11805885,4.19,"2,718.37","1,326.50",94.349,30.42
2018-06-29,245.34,14044431,12.9,"2,759.82","1,317.70",93.769,30.04
2018-07-06,250.76,6796756,7.61,"2,801.31","1,323.80",94.5,31.04
2018-07-13,258.7,9486808,7.96,"2,801.83","1,294.10",94.226,31.67
2018-07-20,252.7,18239507,12.18,"2,818.82","1,306.40",94.46,31.89
2018-07-27,255.95,10682292,5.86,"2,840.35","1,299.30",94.961,30.5
2018-08-03,257.22,10321123,5.33,"2,833.28","1,302.70",96.218,30.71
2018-08-10,260.36,8295590,7.55,"2,850.13","1,278.50",95.981,31.01
2018-08-17,262.33,9680582,5.11,"2,874.69","1,270.70",95.063,31.58
2018-08-24,264.28,9336200,5.22,"2,901.52","1,257.30",95.083,31.81
2018-08-31,268.46,14036832,5.75,"2,871.68","1,258.90",95.329,31.05
2018-09-07,268.28,9842286,4.59,"2,904.98","1,243.80",94.925,30.24
2018-09-14,265.31,13484875,9.32,"2,929.67","1,233.60",93.798,30.18
2018-09-21,266.67,15538576,5.94,"2,913.98","1,226.50",94.737,28.6
2018-09-28,266.04,14363897,7.08,"2,885.57","1,218.10",95.305,28.51
2018-10-05,269.2,13327038,5.05,"2,767.13","1,214.20",94.911,26.67
2018-10-12,259.61,17207499,16.18,"2,767.78","1,179.80",95.443,26.91
2018-10-19,265.3,20490881,13.5,"2,658.69","1,208.60",96.128,27.84
2018-10-26,258.18,21472228,13.46,"2,723.06","1,204.10",96.343,29
2018-11-02,261.01,17462442,13.06,"2,781.01","1,197.80",96.734,30.13
2018-11-09,276.55,18380094,17.93,"2,736.27","1,198.60",96.333,29.58
2018-11-16,271.11,16684911,16.94,"2,632.56","1,198.60",96.825,29.29
2018-11-23,261.62,11682174,13.99,"2,760.17","1,196.20",97.196,30.44
2018-11-30,281.36,22742690,21.95,"2,633.08","1,205.60",96.476,29.12
2018-12-07,269.18,19015451,22.69,"2,599.95","1,222.00",97.43,28.85
2018-12-14,265.02,16043560,14.33,"2,416.62","1,228.70",96.455,26.5
2018-12-21,238.34,35862748,25.3,"2,485.74","1,235.80",95.965,26.84
2018-12-28,246.24,14858886,17.98,"2,531.94","1,237.00",95.75,27.32
2019-01-04,239.62,17177609,14.15,"2,596.26","1,212.60",95.266,26.9
2019-01-11,247.67,18518645,9.53,"2,670.71","1,226.40",95.993,27.71
2019-01-18,265.5,24779368,20.15,"2,664.76","1,226.60",95.465,28.56
2019-01-25,268.05,12760461,6.74,"2,706.53","1,226.00",95.3,29.13
2019-02-01,268.72,16671811,7.83,"2,707.88","1,252.60",96.416,29.02
2019-02-08,261.9,16572060,11.77,"2,775.60","1,241.40",96.74,29.25
2019-02-15,271.13,18940223,14.79,"2,792.67","1,258.10",96.367,29.68
2019-02-22,267.11,11034855,7.39,"2,803.69","1,286.10",96.45,30.66
2019-03-01,246.15,33800601,29.02,"2,743.07","1,289.20",97.269,27.81
2019-03-08,237.29,30405219,13.94,"2,822.48","1,292.90",96.59,27.85
2019-03-15,251.4,23988830,18.64,"2,800.71","1,284.80",96.151,27.96
2019-03-22,247.09,18763701,12.26,"2,834.40","1,300.70",96.845,29.16
2019-03-29,247.26,21242055,9.73,"2,892.74","1,322.10",97.002,29.53
2019-04-05,248.78,17316639,7.4,"2,907.41","1,318.50",96.598,29.27
2019-04-12,223.22,30056130,29.17,"2,905.03","1,322.10",97.151,30
2019-04-19,221.75,73411835,29.94,"2,939.88","1,332.80",97.726,29.95
2019-04-26,237,39698564,15.61,"2,945.64","1,302.50",97.26,30.71
2019-05-03,231.95,27623100,10.9,"2,881.40","1,302.70",97.125,30.84
2019-05-10,240.59,24727343,15.65,"2,859.53","1,305.80",97.824,30.1
2019-05-17,241.38,24056852,9.82,"2,826.06","1,315.40",97.477,30.01
2019-05-24,247.63,21682786,11.41,"2,752.06","1,298.50",97.666,30.21
2019-05-31,241.8,16063892,11.4,"2,873.34","1,295.60",96.49,32.05
2019-06-07,246.77,18653574,12.24,"2,886.98","1,295.20",97.57,31.9
2019-06-14,245.37,13899720,8.39,"2,950.46","1,276.00",95.718,32.76
2019-06-21,252.28,20081852,8.34,"2,941.76","1,288.80",95.666,32.06
2019-06-28,244.01,20293509,13.98,"2,990.41","1,284.30",96.89,33.68
2019-07-05,246.99,13498406,9.22,"3,013.77","1,290.20",96.424,34.76
2019-07-12,265.9,23035661,22.83,"2,976.61","1,278.90",96.817,33.91
2019-07-19,256.65,19968364,12.29,"3,025.86","1,286.40",97.751,32.69
2019-07-26,252.94,18583400,13.82,"2,932.05","1,311.10",97.852,32.65
2019-08-02,250.05,13737964,11.06,"2,918.65","1,346.10",97.322,32.85
2019-08-09,248.63,17916956,9.16,"2,888.68","1,344.50",98.007,32.51
2019-08-16,245.69,14229944,9.01,"2,847.11","1,400.10",97.53,32.51
2019-08-23,230.66,17962278,19.11,"2,926.46","1,416.70",98.86,33.28
2019-08-30,234,20198155,14.27,"2,978.71","1,403.40",98.362,34.75
2019-09-06,229,16364337,6.45,"3,007.39","1,415.90",98.255,33.17
2019-09-13,233.61,20558394,8,"2,992.07","1,430.10",98.136,33.56
2019-09-20,232.89,17339898,6.82,"2,961.79","1,423.50",98.761,33.36
2019-09-27,215.26,28509126,17.35,"2,952.01","1,451.60",98.488,33.08
2019-10-04,219.8,23378699,7.78,"2,970.27","1,502.00",98.005,33.1
2019-10-11,222.07,24479846,11.33,"2,986.20","1,517.50",97.008,32.87
2019-10-18,245.34,34718070,26.51,"3,022.55","1,531.40",97.599,32.81
2019-10-25,244.91,18272112,9.6,"3,066.91","1,526.20",97.041,33.08
2019-11-01,252.21,16665595,11.41,"3,093.08","1,512.40",98.201,33.55
2019-11-08,256.97,18094926,9.25,"3,120.46","1,496.80",97.871,34.53
2019-11-15,269.4,19322170,22.38,"3,110.29","1,512.00",98.176,34.79
2019-11-22,276.84,21241572,9.45,"3,140.98","1,506.40",98.202,34.93
2019-11-29,279.87,10927842,5.99,"3,145.91","1,512.90",97.661,35.08
2019-12-06,280.19,14655597,9.19,"3,168.80","1,488.70",97.171,34.83
2019-12-13,285.48,14561384,13.8,"3,221.22","1,494.10",97.274,35.87
2019-12-20,292.59,22393198,12.94,"3,240.02","1,505.30",96.546,36
2019-12-27,295.97,5410881,3.73,"3,234.85","1,514.90",96.521,36.09
2020-01-03,289.54,8992637,12.18,"3,265.35","1,466.40",97.078,35.61
2020-01-10,295.13,14273163,10.16,"3,329.62","1,472.00",97.359,36.44
2020-01-17,298.47,27488571,16.74,"3,295.47","1,467.30",97.65,36.74
2020-01-24,292.81,14928836,10.98,"3,225.52","1,472.70",97.213,38.82
2020-01-31,272.45,22449642,17.19,"3,327.71","1,465.10",98.571,38.11
2020-02-07,289.22,22168388,26.45,"3,380.16","1,481.20",99.003,38.73
2020-02-14,298.78,18892724,20.45,"3,337.75","1,480.90",99.188,38.39
2020-02-21,301.43,12139188,8.82,"2,954.22","1,518.10",98.081,34.18
2020-02-28,254.96,41337674,43.69,"2,972.37","1,555.50",95.934,36.83
2020-03-06,283.87,43857574,45.52,"2,711.02","1,563.60",98.764,32.02
2020-03-13,272.04,42989194,42.97,"2,304.92","1,563.60",103.502,26.83
2020-03-20,206.59,50292360,48.57,"2,541.47","1,575.20",98.537,30.93
2020-03-27,242.45,41960549,70.24,"2,488.65","1,587.90",100.677,31.74
2020-04-03,229.49,24620638,28.5,"2,789.82","1,573.40",99.504,35.97
2020-04-10,264.13,22665722,35.28,"2,874.56","1,586.40",99.836,37.08
2020-04-17,290.56,29182404,45.82,"2,836.74","1,648.80",100.434,35.21
2020-04-24,291.29,19399765,18.65,"2,830.71","1,569.30",99.1,35.54
2020-05-01,284.51,22985652,18.65,"2,929.80","1,674.30",99.769,35.86
2020-05-08,287,14337527,15.57,"2,863.70","1,518.20",100.434,37.36
2020-05-15,290.96,31067104,24.44,"2,955.45","1,486.50",99.888,38.45
2020-05-22,289.94,16805058,14.93,"3,044.31","1,641.30",98.341,39.49
2020-05-29,304.85,20828808,18.86,"3,193.93","1,645.70",96.922,39.97
2020-06-05,311.85,19940390,19.99,"3,041.31","1,752.80",97.305,38.38
2020-06-12,285.15,23049064,37.14,"3,097.74","1,698.80",97.577,39.61
2020-06-19,291.24,19378419,23.86,"3,009.05","1,735.60",97.404,38.61
2020-06-26,286.88,17753147,13.71,"3,130.01","1,704.40",97.301,40.02
2020-07-03,298.26,9565649,16.46,"3,185.04","1,719.30",96.614,40.96
2020-07-10,291.23,11911495,16.46,"3,224.73","1,761.50",95.889,42.81
2020-07-17,306.53,20476418,19.2,"3,215.63","1,744.30",94.38,43.52
2020-07-24,300.79,11436290,9.37,"3,271.12","1,751.70",93.321,43.77
2020-07-31,302.78,13109715,12.54,"3,351.28","1,683.00",93.412,44.29
2020-08-07,317.03,15145155,19.8,"3,372.85","1,737.30",93.085,43.08
2020-08-14,323.7,12445554,9.91,"3,397.16","1,753.00",93.24,43.31
2020-08-21,314.14,12093712,13.71,"3,508.01","1,780.30",92.379,43.95
2020-08-28,314.37,13185624,13.29,"3,426.96","1,795.80",92.719,43.43
2020-09-04,312,16448884,17.19,"3,340.97","1,801.90",93.32,41.9
2020-09-11,301.48,10297917,18.03,"3,319.47","1,808.60",92.952,40.82
2020-09-18,308.02,12892240,10.14,"3,298.46","1,816.00",94.682,41.34
2020-09-25,302.5,16323396,13.63,"3,348.44","1,902.50",93.909,41.18
2020-10-02,311.98,12940128,16.71,"3,477.13","1,973.90",93.065,41.69
2020-10-09,327.84,10755224,15.05,"3,483.81","2,018.00",93.679,42.96
2020-10-16,329.9,16059445,17.37,"3,465.39","1,942.30",92.765,43.04
2020-10-23,330.6,11060306,13.59,"3,269.96","1,938.30",94.042,40.33
2020-10-30,305.14,14974343,28.15,"3,509.44","1,970.80",92.225,44.4
2020-11-06,347.46,26689413,53.62,"3,585.15","1,930.60",92.75,41.94
2020-11-13,355.67,15767633,19.78,"3,557.54","1,943.30",92.395,42.11
2020-11-20,334.7,15708689,27.87,"3,638.35","1,957.50",91.801,42.37
2020-11-27,337.94,11002054,10.86,"3,699.12","1,862.20",90.694,41.77
2020-12-04,349.89,19372385,23.81,"3,663.46","1,907.60",90.97,41.89
2020-12-11,337.07,14039763,15.57,"3,709.41","1,926.20",89.953,42.87
2020-12-18,338.38,18730156,9.23,"3,703.06","1,906.40",90.25,42.87
2020-12-25,340.79,8671737,12.25,"3,756.07","1,905.20",89.894,44.25
2021-01-01,350.68,8419328,8.23,"3,824.68","1,883.50",90.068,46.27
2021-01-08,363.39,20240426,32.38,"3,768.25","1,955.30",90.754,46.68
2021-01-15,351.3,13739292,18.55,"3,841.47","1,890.70",90.212,46.81
2021-01-22,347.55,12733622,15.06,"3,714.24","1,875.70",90.569,45.09
2021-01-29,333.58,16414505,22.5,"3,886.83","1,788.10",91.032,47.53
2021-02-05,324.51,21411410,21.16,"3,934.83","1,840.00",90.47,47.33
2021-02-12,328.24,18515453,14.94,"3,906.71","1,843.60",90.363,48.14
2021-02-19,324.58,11675729,7.6,"3,811.15","1,888.90",90.882,46.1
2021-02-26,332.22,17484840,17.56,"3,841.94","1,883.20",91.99,48.23
2021-03-05,347.1,19362401,15.62,"3,943.34","1,897.30",91.678,48.14
2021-03-12,356.02,15318955,15.65,"3,913.10","1,837.30",91.925,48.58
2021-03-19,365.58,19765525,18.91,"3,974.54","1,831.70",92.775,50.24
2021-03-26,376.48,15994351,16.95,"4,019.87","1,857.90",93.051,50.28
2021-04-02,367.07,12140783,14.74,"4,128.80","1,850.30",92.16,52.03
2021-04-09,376.3,12477367,16.06,"4,185.47","1,813.00",91.544,53.39
2021-04-16,391.01,17536148,19.89,"4,180.17","1,823.20",90.839,54.16
2021-04-23,400.31,13769396,13.52,"4,181.17","1,777.40",91.27,53.85
2021-04-30,398.8,9611965,9.86,"4,232.60","1,730.10",90.216,54.85
2021-05-07,417.65,12762773,18.49,"4,173.85","1,700.30",90.318,54.79
2021-05-14,409.8,13113133,21.66,"4,155.86","1,721.20",90.005,54.62
2021-05-21,411.63,13463724,14.38,"4,204.11","1,742.90",89.993,55.82
2021-05-28,411.92,10483324,6.58,"4,229.89","1,733.60",90.133,56.74
2021-06-04,405.64,9704826,10.89,"4,247.44","1,728.40",90.55,57.65
2021-06-11,397.89,15459070,12.43,"4,166.45","1,744.80",92.209,58.6
2021-06-18,389.37,17905345,15.9,"4,280.70","1,780.20",91.844,59.36
2021-06-25,404.95,30984141,20.76,"4,352.34","1,777.80",92.413,59.29
2021-07-02,409.36,13188721,13.07,"4,369.55","1,768.60",92.116,58.59
2021-07-09,412.11,8997181,8.17,"4,327.16","1,832.40",92.687,59.52
2021-07-16,419.7,15462230,15.33,"4,411.80","1,839.10",92.928,62.59
2021-07-23,417.7,11696005,12.72,"4,395.26","1,877.60",92.188,62.24
2021-07-30,412.22,10772205,10.87,"4,436.52","1,905.30",92.8,62.91
2021-08-06,415.12,11841454,15.77,"4,468.00","1,892.00",92.512,63.66
2021-08-13,409.67,7972216,11.93,"4,441.67","1,879.60",93.508,62.89
2021-08-20,429.71,13279546,24.03,"4,509.37","1,769.00",92.694,64.49
2021-08-27,418.76,8941738,14.44,"4,535.43","1,777.80",92.033,66.18
2021-09-03,422.86,12310532,13.16,"4,458.58","1,784.10",92.59,65.35
2021-09-10,403.91,11907311,20.28,"4,432.99","1,811.50",93.176,64.3
2021-09-17,420.16,15926211,16.95,"4,455.48","1,815.90",93.335,65.59
2021-09-24,407.08,13443644,14.36,"4,357.05","1,802.90",94.047,64.58
2021-10-01,392.43,14707036,29.03,"4,391.36","1,814.50",94.079,65.8
2021-10-08,408.46,13979740,24.36,"4,471.37","1,761.10",93.938,67.67
2021-10-15,428.07,16953500,35.39,"4,544.90","1,776.00",93.625,67.24
2021-10-22,449.16,11815027,25.89,"4,605.38","1,781.80",94.121,69.96
2021-10-29,460.47,14348550,14.95,"4,697.53","1,817.20",94.317,70.94
2021-11-05,455.81,12663968,18.72,"4,682.85","1,832.60",95.128,69.47
2021-11-12,458.99,12612317,11.69,"4,697.96","1,791.00",96.028,69.26
2021-11-19,440,14125057,18.85,"4,594.62","1,750.50",96.104,67.89
2021-11-26,439.91,10185900,14.98,"4,538.43","1,750.90",96.114,66.71
2021-12-03,449.32,23618260,16.7,"4,712.02","1,758.40",96.1,68.59
2021-12-10,478.23,16605020,26.96,"4,620.64","1,757.40",96.548,67.02
2021-12-17,487.12,19728894,22.95,"4,725.78","1,768.30",95.985,68.47
2021-12-24,495.38,9075864,22.89,"4,766.18","1,796.30",95.593,70
2021-12-31,502.14,7424172,12.59,"4,677.02","1,784.90",95.722,64.5
2022-01-07,458.6,22912732,48.2,"4,662.85","1,818.00",95.161,62.05
2022-01-14,468.69,19337719,22.11,"4,397.93","1,869.70",95.636,58.97
2022-01-21,461.17,15472345,17.14,"4,431.85","1,852.90",97.266,58.22
2022-01-28,466.06,19520505,21.41,"4,500.54","1,786.90",95.48,59.54
2022-02-04,483.17,17113328,37.43,"4,418.64","1,783.90",96.073,57.46
2022-02-11,478.13,14409886,24.49,"4,348.87","1,784.80",96.022,57.18
2022-02-18,467.81,13597854,14.9,"4,384.62","1,804.90",96.619,57.57
2022-02-25,475.75,13117671,30.04,"4,328.87","1,811.70",98.671,57.18
2022-03-04,498.65,17823704,34.05,"4,204.31","1,829.70",99.13,54.96
2022-03-11,482.87,16538380,28.48,"4,463.09","1,799.30",98.227,59.74
2022-03-18,506.12,16667051,25.4,"4,543.04","1,818.30",98.822,58.43
2022-03-25,513.03,13464223,15.2,"4,545.86","1,833.50",98.627,60.64
2022-04-01,512.59,15486467,15.29,"4,488.28","1,786.60",99.753,61.14
2022-04-08,545.96,16735857,44.44,"4,392.59","1,807.80",100.326,59.52
2022-04-15,534.82,14372965,24.67,"4,271.78","1,842.10",101.213,55.62
2022-04-22,520.94,13274430,28.18,"4,131.93","1,899.80",102.963,52.46
2022-04-29,508.55,14736929,19.32,"4,123.34","1,889.20",103.694,50.76
2022-05-06,499.62,16570336,28.51,"4,023.89","1,968.90",104.621,49.16
2022-05-13,485.4,18525965,29.1,"3,901.36","1,987.60",103.173,48.71
2022-05-20,485.73,14750275,32.23,"4,158.24","1,931.70",101.698,51.88
2022-05-27,507.11,14154408,20.97,"4,108.54","1,956.90",102.16,51.36
2022-06-03,485.61,9619740,21.14,"3,900.86","1,923.70",104.151,50.06
2022-06-10,484.63,13140710,16.97,"3,674.84","1,945.60",104.488,49.62
2022-06-17,452.06,18542609,31.64,"3,911.74","1,974.90",103.959,53.09
2022-06-24,495.64,31337919,46.48,"3,825.33","1,934.30",104.909,51.86
2022-07-01,517.4,18704913,26.12,"3,899.38","1,915.10",106.821,52.19
2022-07-08,518.63,11014091,36.12,"3,863.16","1,886.20",107.911,52.36
2022-07-15,529.75,17425987,39.71,"3,961.63","1,811.30",106.621,57.53
2022-07-22,521.41,15011094,22.91,"4,130.29","1,844.70",105.779,60.3
2022-07-29,542.34,12519361,20.12,"4,145.19","1,857.30",106.49,60.69
2022-08-05,535.06,10993535,16.09,"4,280.15","1,850.20",105.51,63.47
2022-08-12,543.7,11083035,16.07,"4,228.48","1,875.50",108.098,62.37
2022-08-19,548.32,8436759,14.57,"4,057.66","1,840.60",108.751,60.69
2022-08-26,529.25,9346821,21.3,"3,924.26","1,830.30",109.51,59.68
2022-09-02,516.35,10528744,19.09,"4,067.36","1,805.90",108.997,63.26
2022-09-09,524.34,9269570,13.81,"3,873.33","1,746.70",109.736,61.01
2022-09-16,521.02,15652824,28.92,"3,693.23","1,707.50",112.962,56.93
2022-09-23,513.61,11802806,21.9,"3,585.62","1,731.40",112.084,56.68
2022-09-30,505.04,13986282,17.79,"3,639.66","1,771.50",112.683,57.66
2022-10-07,504.85,13495371,28.29,"3,583.07","1,780.50",113.202,54.75
2022-10-14,513.13,17187043,42.17,"3,752.75","1,805.20",111.98,57.74
2022-10-21,533.73,13415357,21.93,"3,901.06","1,753.00",110.606,62.28
2022-10-28,551.24,12876861,19.1,"3,770.55","1,740.60",110.774,61.9
2022-11-04,538.17,14565752,30.96,"3,992.93","1,717.70",106.164,66.4
2022-11-11,522.08,18470841,45.15,"3,965.34","1,723.60",106.826,65.52
2022-11-18,530,21586797,32.23,"4,026.12","1,677.90",105.917,67.15
2022-11-25,537.62,9575006,25.47,"4,071.70","1,650.00",104.5,68.98
2022-12-02,536.16,21486210,29.35,"3,934.38","1,672.00",104.799,63.2
2022-12-09,539.2,13496443,20.41,"3,852.36","1,709.30",104.661,60.62
2022-12-16,523.7,18811930,35.27,"3,844.82","1,648.90",104.01,61.28
2022-12-23,531.31,9221509,13.21,"3,839.50","1,656.30",103.269,61.35
2022-12-30,530.18,6520382,13.31,"3,895.08","1,644.80",103.646,61.65
2023-01-06,490,18934467,38.09,"3,999.09","1,676.60",101.946,63.35
2023-01-13,489.57,20257899,26.82,"3,972.61","1,769.40",101.781,62.06
2023-01-20,486.72,16969220,18.19,"4,070.56","1,754.40",101.721,60.5
2023-01-27,486.05,15674374,20.26,"4,136.48","1,768.80",102.755,60.55
2023-02-03,472.02,29235042,41.61,"4,090.46","1,809.60",103.535,59.62
2023-02-10,494.25,18117922,26.63,"4,079.09","1,810.70",103.78,58.56
2023-02-17,499.08,13407686,12.6,"3,970.04","1,800.20",105.158,57.05
2023-02-24,484.33,11312521,18.39,"4,045.64","1,804.20",104.488,56.22
2023-03-03,478.56,14957638,18.94,"3,861.59","1,826.20",104.552,52.6
2023-03-10,460.33,16006328,26.76,"3,916.64","1,869.70",103.36,52.75
2023-03-17,469.5,18231070,14.74,"3,970.99","1,921.70",102.764,53.07
2023-03-24,475.99,14733489,19.07,"4,109.31","1,928.20",102.186,54.67
2023-03-31,472.59,15696020,25.21,"4,105.02","1,929.40",101.519,54.9
2023-04-07,512.81,15791171,30.75,"4,137.64","1,862.90",101.245,55.16
2023-04-14,511.79,18298767,22.36,"4,133.52","1,862.80",101.552,56.97
2023-04-21,483.82,19150565,27.45,"4,169.48","1,840.40",101.403,55.37
2023-04-28,492.09,13061831,20.14,"4,136.25","1,817.10",100.999,54.92
2023-05-05,494.28,10892735,18.9,"4,124.08","1,854.60",102.509,55.14
2023-05-12,491.23,9717171,13.74,"4,191.98","1,867.20",103.079,55.32
2023-05-19,478.82,12389475,17.9,"4,205.45","1,973.50",104.136,54.22
,,,,,,,
,,,,,,,
,,,,,,,
,,,,,,,
,,,,,,,
,,,,,,,
,,,,,,,
,,,,,,,
,,,,,,,
,,,,,,,
,,,,,,,
,,,,,,,
,,,,,,,
,,,,,,,
,,,,,,,
,,,,,,,
,,,,,,,
,,,,,,,
,,,,,,,
,,,,,,,
,,,,,,,
,,,,,,,
,,,,,,,
,,,,,,,
,,,,,,,
,,,,,,,
,,,,,,,
,,,,,,,
,,,,,,,
,,,,,,,
,,,,,,,
,,,,,,,
,,,,,,,
,,,,,,,
,,,,,,,
,,,,,,,
,,,,,,,
,,,,,,,
,,,,,,,
,,,,,,,
,,,,,,,
,,,,,,,
,,,,,,,
,,,,,,,
,,,,,,,
,,,,,,,
,,,,,,,
,,,,,,,
,,,,,,,
,,,,,,,
,,,,,,,
,,,,,,,
,,,,,,,
,,,,,,,
,,,,,,,
,,,,,,,
,,,,,,,
,,,,,,,
,,,,,,,
,,,,,,,
,,,,,,,
,,,,,,,
,,,,,,,
,,,,,,,
,,,,,,,
,,,,,,,
,,,,,,,
,,,,,,,
,,,,,,,
,,,,,,,
,,,,,,,
,,,,,,,
,,,,,,,
,,,,,,,
,,,,,,,
,,,,,,,
,,,,,,,
,,,,,,,
,,,,,,,
,,,,,,,
,,,,,,,
,,,,,,,
,,,,,,,
,,,,,,,
,,,,,,,
,,,,,,,
,,,,,,,
,,,,,,,
,,,,,,,
,,,,,,,
,,,,,,,
,,,,,,,
,,,,,,,
,,,,,,,
,,,,,,,
,,,,,,,
,,,,,,,
,,,,,,,
,,,,,,,
,,,,,,,
,,,,,,,
,,,,,,,
,,,,,,,
